name,age,gender,department,degree,cgpa,internships,projects,programming_skills,communication_skills,aptitude_score,technical_score,work_experience,certifications,soft_skills,leadership,hackathons,placed,salary_lpa
Student_0000,20,Male,Electrical,B.Tech,7.38,3,5,58,74,48,46,12,1,80,1,4,1,11.92
Student_0001,23,Male,Computer Science,M.Tech,6.18,3,4,35,42,76,45,13,5,39,1,4,1,15.51
Student_0002,22,Male,Civil,BCA,7.23,0,1,76,52,96,96,3,5,96,0,3,1,13.15
Student_0003,21,Female,Mechanical,B.Tech,6.46,2,3,57,72,98,58,3,2,73,0,2,1,11.27
Student_0004,21,Male,Civil,B.Tech,7.12,1,1,55,38,60,78,9,0,43,1,1,0,0.0
Student_0005,23,Female,Electronics,B.Tech,5.0,0,3,67,52,89,43,9,1,50,0,3,0,0.0
Student_0006,20,Female,Computer Science,BCA,6.27,2,2,35,80,44,59,10,3,92,0,2,0,0.0
Student_0007,22,Female,Civil,M.Tech,8.86,0,5,56,84,89,79,3,0,75,0,3,1,12.22
Student_0008,20,Male,Mechanical,M.Tech,8.23,1,3,98,54,95,92,21,1,46,0,0,1,13.6
Student_0009,20,Other,Electronics,B.Tech,8.72,2,5,73,38,66,60,8,0,87,1,2,1,12.88
Student_0010,22,Male,Electronics,B.Tech,8.79,3,4,70,31,66,35,19,5,80,1,3,1,14.97
Student_0011,23,Male,Electronics,B.E,8.07,1,5,65,68,69,58,9,2,35,1,3,0,0.0
Student_0012,22,Male,Electronics,B.Tech,6.95,3,1,62,78,35,75,11,2,49,1,0,0,0.0
Student_0013,23,Female,Information Technology,M.Tech,6.36,3,4,95,71,90,91,2,2,89,1,0,1,15.02
Student_0014,22,Female,Information Technology,B.Tech,8.55,1,1,95,58,81,88,16,0,54,1,4,1,16.46
Student_0015,23,Female,Information Technology,B.Tech,7.46,0,3,58,31,90,83,1,3,32,0,1,1,12.77
Student_0016,22,Male,Computer Science,B.E,9.89,2,2,94,45,38,41,17,5,72,0,2,1,15.05
Student_0017,20,Other,Electrical,B.E,7.03,0,1,35,32,86,66,21,4,92,1,3,0,0.0
Student_0018,23,Male,Information Technology,B.E,9.37,3,5,52,62,55,70,8,1,68,0,2,1,14.65
Student_0019,21,Male,Computer Science,B.Tech,7.24,1,5,51,51,87,62,21,0,98,0,4,1,13.22
Student_0020,22,Other,Computer Science,MCA,8.74,3,3,78,34,99,94,16,4,37,0,4,1,15.89
Student_0021,21,Male,Electrical,BCA,9.1,2,0,72,72,91,97,0,5,76,1,1,1,16.37
Student_0022,20,Male,Electronics,MCA,6.38,1,1,63,55,94,44,4,5,75,0,0,0,0.0
Student_0023,23,Female,Information Technology,B.E,6.92,3,1,47,97,37,96,15,3,98,0,4,1,14.08
Student_0024,23,Male,Electronics,B.E,6.37,3,5,65,59,53,89,16,2,66,1,3,1,15.3
Student_0025,22,Male,Computer Science,B.E,6.17,3,2,48,36,50,79,2,4,87,1,3,1,12.54
Student_0026,21,Male,Information Technology,B.Tech,8.07,0,0,64,79,65,56,16,4,40,0,2,0,0.0
Student_0027,23,Male,Information Technology,B.Tech,7.2,1,3,53,79,98,83,19,4,33,1,2,1,12.07
Student_0028,22,Female,Civil,B.E,7.45,3,5,92,95,78,71,2,1,80,1,0,1,12.36
Student_0029,21,Female,Computer Science,B.Tech,7.96,3,3,82,78,68,92,21,5,30,1,2,1,14.42
Student_0030,21,Male,Electronics,B.Tech,5.54,1,2,42,55,86,79,12,0,91,0,2,0,0.0
Student_0031,20,Male,Civil,MCA,8.69,0,1,95,76,42,97,14,0,31,0,0,1,15.13
Student_0032,20,Male,Electrical,B.Tech,7.05,1,5,76,85,76,59,1,3,78,0,3,1,14.88
Student_0033,22,Female,Mechanical,B.E,7.93,2,0,54,66,65,35,14,3,61,1,3,1,14.29
Student_0034,23,Female,Information Technology,B.E,8.02,2,5,67,85,44,64,10,3,75,0,4,1,15.57
Student_0035,20,Female,Electronics,B.Tech,8.77,3,1,43,97,75,99,8,5,73,1,0,1,13.9
Student_0036,23,Male,Information Technology,MCA,7.3,0,0,33,82,88,75,18,5,61,0,1,1,11.56
Student_0037,23,Male,Mechanical,B.Tech,5.28,1,2,59,65,87,79,5,4,63,0,2,0,0.0
Student_0038,21,Male,Information Technology,MCA,7.46,1,0,84,64,89,73,1,0,65,1,4,1,15.81
Student_0039,22,Female,Mechanical,BCA,7.6,3,0,54,88,86,71,11,0,77,0,1,0,0.0
Student_0040,20,Male,Mechanical,B.Tech,6.37,0,1,56,91,62,34,17,0,79,1,4,0,0.0
Student_0041,23,Female,Electrical,B.Tech,7.55,0,4,99,48,33,58,3,3,61,1,4,1,12.14
Student_0042,22,Female,Electronics,B.Tech,7.04,1,4,99,30,97,36,23,4,54,0,0,1,13.55
Student_0043,21,Male,Electrical,B.Tech,6.06,0,1,62,86,61,53,16,4,32,1,1,0,0.0
Student_0044,20,Male,Electronics,B.Tech,8.07,2,3,33,46,74,80,22,0,84,1,1,1,12.53
Student_0045,23,Male,Civil,MCA,6.84,2,2,77,99,31,86,11,1,45,1,2,1,13.78
Student_0046,21,Male,Mechanical,B.Tech,6.99,2,2,80,32,92,45,2,2,60,0,4,1,12.58
Student_0047,23,Male,Civil,BCA,6.94,3,2,93,93,92,75,4,3,99,0,1,1,14.95
Student_0048,22,Female,Electronics,B.Tech,8.64,1,5,96,77,94,45,12,0,84,0,3,1,14.2
Student_0049,23,Male,Civil,MCA,7.36,1,3,74,51,42,44,14,5,54,1,0,1,13.77
Student_0050,23,Male,Electronics,B.Tech,7.48,1,3,37,32,89,97,17,0,63,0,2,1,14.57
Student_0051,20,Female,Electronics,B.Tech,6.96,3,5,47,89,73,72,19,3,52,0,1,1,13.3
Student_0052,21,Female,Electronics,B.E,7.86,2,3,80,38,40,43,18,5,73,0,4,0,0.0
Student_0053,21,Male,Civil,B.Tech,8.75,0,0,72,36,69,39,14,1,40,0,3,0,0.0
Student_0054,21,Female,Mechanical,BCA,8.05,2,1,60,85,63,33,0,4,96,1,1,0,0.0
Student_0055,20,Female,Computer Science,B.Tech,8.09,2,2,58,77,73,64,12,3,99,1,3,1,15.99
Student_0056,22,Female,Civil,B.E,8.01,0,0,79,38,35,37,19,4,50,1,1,0,0.0
Student_0057,20,Female,Civil,B.E,6.02,2,4,59,53,69,70,20,3,46,1,2,1,12.72
Student_0058,22,Male,Computer Science,B.E,6.52,2,2,40,76,77,60,20,5,67,1,2,1,13.76
Student_0059,22,Female,Electrical,B.Tech,7.2,0,0,98,76,80,74,0,2,75,1,4,0,0.0
Student_0060,23,Male,Mechanical,B.Tech,6.67,0,2,54,55,83,44,10,0,75,1,1,0,0.0
Student_0061,22,Female,Computer Science,B.Tech,6.34,2,4,49,58,73,40,14,4,32,1,0,0,0.0
Student_0062,21,Female,Electronics,B.Tech,5.53,2,5,34,35,79,37,5,5,79,0,0,0,0.0
Student_0063,23,Male,Electrical,B.Tech,6.05,2,5,62,30,36,36,9,2,34,0,4,0,0.0
Student_0064,21,Male,Information Technology,MCA,7.14,1,5,99,97,85,35,2,4,53,1,1,1,15.27
Student_0065,21,Female,Electrical,B.E,7.33,2,3,41,46,55,48,4,5,80,1,0,1,13.52
Student_0066,23,Female,Electronics,B.E,6.61,3,5,47,94,68,86,0,3,92,0,2,1,13.67
Student_0067,21,Male,Information Technology,B.Tech,7.48,0,5,42,32,68,72,23,4,74,0,4,0,0.0
Student_0068,20,Female,Electronics,B.Tech,6.97,2,3,36,99,98,47,20,3,41,1,4,1,11.74
Student_0069,21,Female,Mechanical,B.E,8.49,0,2,72,59,52,95,9,4,77,1,4,1,15.07
Student_0070,23,Male,Civil,B.Tech,7.24,0,5,50,86,56,83,0,2,32,1,3,1,12.49
Student_0071,20,Male,Electrical,B.Tech,8.1,3,2,82,88,83,84,8,3,46,1,4,1,15.78
Student_0072,21,Male,Information Technology,B.E,7.6,0,0,58,54,74,92,10,0,38,0,3,0,0.0
Student_0073,20,Female,Electrical,B.E,6.0,2,0,74,81,52,82,4,1,98,1,0,1,12.26
Student_0074,22,Male,Mechanical,MCA,7.31,2,3,36,53,54,96,15,3,55,0,2,0,0.0
Student_0075,21,Female,Computer Science,B.Tech,6.16,3,0,53,85,88,53,23,4,69,1,2,1,12.91
Student_0076,21,Male,Electrical,B.E,7.29,2,0,58,97,88,89,20,0,85,1,2,1,12.73
Student_0077,20,Female,Electronics,B.Tech,6.65,2,1,34,86,40,37,20,0,97,1,4,0,0.0
Student_0078,22,Male,Mechanical,B.Tech,7.78,3,3,59,80,57,51,19,0,99,1,4,1,13.0
Student_0079,22,Male,Civil,M.Tech,6.06,3,2,62,56,83,92,1,3,41,0,2,1,11.19
Student_0080,23,Female,Computer Science,B.Tech,7.41,2,3,58,37,38,39,13,2,57,1,0,0,0.0
Student_0081,21,Male,Information Technology,B.E,7.97,0,3,65,65,42,65,13,0,58,1,1,0,0.0
Student_0082,20,Male,Civil,B.Tech,8.31,0,5,85,39,41,53,2,4,85,0,0,1,14.31
Student_0083,23,Female,Information Technology,B.Tech,6.64,1,1,83,65,66,37,3,3,53,0,2,0,0.0
Student_0084,22,Female,Computer Science,MCA,7.42,2,2,30,90,61,46,13,0,46,1,1,1,12.38
Student_0085,22,Female,Computer Science,B.Tech,7.58,2,3,74,37,52,67,17,4,82,1,0,1,14.04
Student_0086,20,Male,Civil,BCA,8.95,3,1,93,93,39,74,5,5,64,1,0,1,16.74
Student_0087,21,Female,Computer Science,B.Tech,5.92,0,1,90,71,74,77,11,2,82,0,2,1,13.07
Student_0088,23,Female,Computer Science,MCA,6.49,0,0,52,33,86,39,1,5,56,1,0,0,0.0
Student_0089,23,Male,Mechanical,B.Tech,10.0,0,1,84,80,44,52,2,2,64,1,0,1,14.25
Student_0090,21,Male,Computer Science,B.Tech,7.13,2,1,86,30,76,37,13,0,30,0,1,0,0.0
Student_0091,23,Female,Mechanical,BCA,5.51,2,1,55,72,85,30,13,0,31,1,3,0,0.0
Student_0092,23,Male,Mechanical,B.Tech,6.82,0,1,90,65,68,57,18,0,30,0,3,0,0.0
Student_0093,21,Female,Mechanical,B.Tech,5.0,3,4,74,82,70,73,21,1,42,1,1,1,15.7
Student_0094,23,Other,Electronics,MCA,7.64,1,4,82,56,41,55,4,2,54,1,3,1,11.71
Student_0095,21,Female,Civil,B.E,8.21,2,3,82,38,97,32,8,2,33,0,0,0,0.0
Student_0096,20,Male,Mechanical,M.Tech,6.49,3,0,84,57,96,45,20,2,41,1,3,1,13.25
Student_0097,22,Male,Electronics,B.E,6.93,0,4,96,83,79,60,1,5,89,1,0,1,15.39
Student_0098,22,Male,Computer Science,BCA,8.32,3,0,90,96,93,54,19,0,89,0,0,1,13.18
Student_0099,20,Male,Information Technology,MCA,5.65,3,0,59,44,72,87,22,5,50,1,4,1,14.41
Student_0100,23,Female,Computer Science,B.E,6.08,3,3,69,54,76,71,2,1,96,0,2,1,14.27
Student_0101,20,Female,Computer Science,B.Tech,7.17,0,2,75,91,88,99,3,5,38,0,2,1,14.35
Student_0102,23,Male,Information Technology,B.Tech,6.65,1,1,89,51,32,42,16,0,32,0,1,0,0.0
Student_0103,20,Male,Information Technology,B.E,7.11,0,5,57,47,45,55,11,0,54,0,3,0,0.0
Student_0104,23,Female,Computer Science,BCA,6.14,1,0,51,88,44,36,23,0,48,0,3,0,0.0
Student_0105,23,Male,Information Technology,B.E,7.61,3,0,81,64,74,31,13,1,35,0,3,0,0.0
Student_0106,23,Male,Mechanical,B.Tech,7.25,3,3,96,70,46,94,15,5,89,1,1,1,16.59
Student_0107,22,Male,Information Technology,B.Tech,7.95,3,2,93,64,57,64,5,2,98,1,3,1,15.81
Student_0108,21,Female,Information Technology,B.E,7.6,1,4,40,72,64,76,7,0,48,1,3,1,13.49
Student_0109,22,Male,Computer Science,BCA,7.61,3,0,94,48,82,49,4,3,52,1,2,1,15.22
Student_0110,21,Female,Computer Science,B.Tech,5.95,3,2,85,81,66,33,3,3,80,0,1,1,14.13
Student_0111,23,Male,Computer Science,B.E,7.89,3,0,40,55,31,92,2,4,95,1,3,1,16.25
Student_0112,22,Female,Electronics,BCA,7.07,3,0,30,66,78,76,21,4,50,0,2,1,12.85
Student_0113,21,Male,Mechanical,MCA,7.23,2,2,44,42,59,79,1,4,77,0,1,1,14.02
Student_0114,22,Male,Civil,B.Tech,8.45,0,4,95,30,37,67,12,0,31,1,4,0,0.0
Student_0115,22,Male,Mechanical,MCA,6.68,1,0,82,69,75,58,12,2,69,0,2,1,10.51
Student_0116,20,Male,Mechanical,B.E,8.75,3,5,70,39,48,59,1,3,99,0,2,1,16.65
Student_0117,20,Male,Electrical,BCA,8.84,1,3,74,93,62,83,20,3,63,1,1,1,14.22
Student_0118,20,Male,Information Technology,B.Tech,8.15,0,2,58,97,97,45,12,5,74,0,3,1,13.63
Student_0119,20,Male,Civil,B.E,6.42,3,5,93,52,46,53,3,5,78,1,4,1,13.17
Student_0120,21,Male,Electrical,B.E,5.21,1,1,40,50,91,51,3,4,74,0,3,0,0.0
Student_0121,22,Female,Mechanical,B.Tech,8.48,3,1,51,65,62,66,16,1,78,0,2,0,0.0
Student_0122,22,Male,Electrical,B.Tech,7.51,1,4,44,44,95,97,14,3,92,0,3,1,14.41
Student_0123,21,Female,Computer Science,B.E,6.65,1,0,89,90,89,94,9,4,30,0,1,1,13.98
Student_0124,23,Other,Electrical,B.E,8.57,1,5,67,37,88,68,9,1,91,0,0,0,0.0
Student_0125,22,Male,Mechanical,B.Tech,6.54,1,4,77,61,44,44,0,4,93,0,3,0,0.0
Student_0126,20,Female,Information Technology,B.Tech,6.98,1,5,94,43,85,95,0,1,93,1,0,1,15.47
Student_0127,23,Female,Computer Science,B.Tech,7.92,1,2,43,88,55,51,12,0,55,1,0,0,0.0
Student_0128,22,Female,Civil,MCA,6.29,3,3,97,40,93,54,8,1,70,0,3,0,0.0
Student_0129,22,Male,Electronics,MCA,7.29,1,5,38,61,99,91,6,5,54,1,2,1,14.1
Student_0130,22,Male,Information Technology,B.Tech,8.49,1,0,82,88,72,48,9,5,88,0,4,1,14.61
Student_0131,22,Male,Electronics,B.Tech,7.61,3,1,79,60,93,62,14,5,58,1,4,1,14.76
Student_0132,20,Male,Electrical,B.Tech,8.65,1,2,87,42,67,94,7,1,51,0,0,1,14.59
Student_0133,22,Other,Electronics,B.E,8.53,0,3,41,41,32,52,8,4,77,1,3,1,13.55
Student_0134,23,Female,Computer Science,MCA,7.41,0,4,97,72,91,73,6,1,33,0,1,1,12.9
Student_0135,21,Male,Information Technology,B.E,5.06,1,5,85,38,67,32,15,0,56,1,3,0,0.0
Student_0136,22,Female,Computer Science,B.Tech,6.29,2,2,37,54,33,99,1,1,44,1,0,0,0.0
Student_0137,20,Male,Civil,B.Tech,8.16,3,1,68,72,34,59,22,0,56,0,2,0,0.0
Student_0138,21,Female,Civil,B.Tech,5.85,0,1,87,56,80,76,13,3,61,0,3,0,0.0
Student_0139,21,Male,Electrical,BCA,7.07,2,4,63,87,94,65,5,4,34,0,2,1,13.44
Student_0140,23,Female,Mechanical,B.E,7.74,1,2,56,78,78,60,18,0,90,0,2,1,13.06
Student_0141,20,Female,Civil,B.E,8.87,1,3,49,39,60,58,22,0,59,0,0,0,0.0
Student_0142,21,Male,Electronics,B.Tech,6.82,1,3,66,87,51,31,1,2,55,1,0,0,0.0
Student_0143,21,Male,Mechanical,MCA,6.76,1,4,98,93,59,49,4,0,40,1,3,1,14.26
Student_0144,23,Female,Computer Science,B.Tech,7.35,0,1,72,44,52,56,3,4,99,0,2,0,0.0
Student_0145,23,Male,Mechanical,BCA,7.75,0,1,80,55,49,55,1,2,89,1,2,1,13.12
Student_0146,20,Male,Mechanical,MCA,7.25,2,4,84,57,38,49,17,2,63,0,1,1,12.67
Student_0147,20,Female,Computer Science,B.E,8.45,0,2,84,59,69,74,4,0,53,1,0,1,14.07
Student_0148,23,Female,Mechanical,MCA,6.6,1,4,58,62,45,88,9,4,62,1,3,1,13.54
Student_0149,20,Male,Civil,B.Tech,7.52,0,0,83,92,40,92,19,4,97,1,0,1,14.05
Student_0150,23,Male,Electronics,M.Tech,7.85,0,1,52,75,49,98,14,4,45,1,3,1,12.82
Student_0151,21,Male,Mechanical,B.Tech,7.0,0,5,70,92,85,75,16,3,77,0,0,1,12.1
Student_0152,23,Female,Information Technology,B.E,8.24,1,5,51,54,70,58,2,1,93,1,4,1,14.72
Student_0153,21,Male,Information Technology,B.Tech,7.55,0,0,95,66,64,75,23,0,82,0,1,1,13.14
Student_0154,21,Male,Computer Science,B.Tech,8.19,0,4,81,37,71,39,1,1,90,0,4,0,0.0
Student_0155,22,Male,Information Technology,B.Tech,7.59,1,0,70,49,69,87,17,3,96,1,0,1,13.73
Student_0156,20,Female,Civil,B.Tech,7.78,1,0,61,70,64,67,15,0,34,0,2,0,0.0
Student_0157,22,Male,Electrical,B.E,6.77,0,5,66,42,88,41,9,0,46,1,2,0,0.0
Student_0158,22,Female,Mechanical,B.E,6.77,0,0,84,97,81,59,20,1,40,0,0,0,0.0
Student_0159,23,Female,Mechanical,B.Tech,8.62,3,1,49,49,42,51,21,0,69,0,2,0,0.0
Student_0160,23,Female,Mechanical,MCA,8.04,2,0,87,41,87,54,1,0,58,1,1,1,14.38
Student_0161,22,Other,Electronics,MCA,6.38,0,3,49,84,42,33,22,2,32,0,2,0,0.0
Student_0162,21,Female,Electronics,B.Tech,7.58,1,0,39,36,35,31,5,4,69,1,1,0,0.0
Student_0163,21,Female,Mechanical,B.Tech,5.03,1,1,81,52,59,54,18,2,37,1,0,0,0.0
Student_0164,21,Male,Civil,B.E,6.83,3,1,79,43,57,51,19,0,58,1,3,0,0.0
Student_0165,23,Female,Electronics,M.Tech,8.36,3,3,53,78,85,99,13,2,55,1,2,1,14.35
Student_0166,21,Male,Mechanical,B.Tech,7.27,3,2,75,89,78,48,20,0,92,1,4,1,15.37
Student_0167,20,Male,Electronics,M.Tech,7.52,0,1,81,43,34,53,19,3,77,1,4,0,0.0
Student_0168,21,Female,Information Technology,B.Tech,5.0,1,2,85,59,64,94,12,1,73,1,1,0,0.0
Student_0169,20,Other,Information Technology,B.Tech,7.01,1,2,96,63,85,90,4,2,88,0,1,1,15.3
Student_0170,20,Female,Computer Science,M.Tech,7.74,2,2,89,78,81,33,10,5,42,1,4,1,15.32
Student_0171,20,Male,Electronics,B.E,7.87,3,3,60,54,65,36,21,3,47,0,1,0,0.0
Student_0172,23,Male,Civil,BCA,8.36,1,1,46,66,73,36,4,4,82,0,0,0,0.0
Student_0173,22,Male,Civil,B.Tech,7.19,2,2,36,65,69,62,23,2,82,0,2,1,12.47
Student_0174,22,Male,Electrical,B.Tech,7.23,1,4,70,30,46,70,4,5,31,1,4,0,0.0
Student_0175,21,Male,Computer Science,B.Tech,6.07,0,1,76,69,69,54,15,4,45,0,1,0,0.0
Student_0176,22,Male,Civil,B.Tech,7.2,1,1,78,69,77,30,15,3,45,0,3,0,0.0
Student_0177,20,Male,Civil,B.Tech,6.14,2,0,30,99,33,44,4,3,30,1,1,0,0.0
Student_0178,23,Female,Electronics,B.E,5.55,1,4,79,65,78,73,11,3,76,0,1,1,10.68
Student_0179,22,Male,Information Technology,B.E,6.31,2,4,85,92,47,56,3,0,33,1,2,0,0.0
Student_0180,23,Female,Electronics,M.Tech,8.91,2,4,80,54,30,38,8,1,88,1,0,1,13.35
Student_0181,20,Female,Civil,B.Tech,7.13,1,1,66,78,82,75,23,4,70,1,1,0,0.0
Student_0182,21,Male,Electrical,B.Tech,7.62,3,2,31,93,57,72,1,2,83,0,1,1,10.69
Student_0183,22,Male,Mechanical,M.Tech,6.89,0,1,64,40,58,64,20,4,64,0,4,0,0.0
Student_0184,21,Male,Mechanical,B.Tech,5.61,3,4,75,69,73,95,16,3,97,1,1,1,13.62
Student_0185,21,Other,Mechanical,MCA,8.34,0,2,69,94,69,89,17,0,48,0,4,1,13.69
Student_0186,20,Male,Computer Science,B.Tech,5.23,1,2,70,68,73,32,6,3,69,1,0,0,0.0
Student_0187,21,Male,Mechanical,B.E,6.85,3,2,66,92,96,93,22,3,30,1,2,1,16.03
Student_0188,20,Female,Computer Science,MCA,7.35,2,4,68,59,75,33,6,2,88,0,1,1,11.25
Student_0189,21,Other,Electrical,B.E,7.63,1,4,52,92,33,63,12,4,69,0,2,1,12.21
Student_0190,22,Male,Electrical,B.E,6.67,3,4,72,74,45,93,0,2,42,0,3,1,13.14
Student_0191,22,Male,Mechanical,M.Tech,5.56,0,2,49,63,61,98,21,0,87,0,4,0,0.0
Student_0192,22,Male,Electronics,B.Tech,6.6,2,4,64,45,63,31,16,0,99,0,3,0,0.0
Student_0193,21,Male,Civil,M.Tech,6.65,2,5,59,41,55,35,3,5,34,0,2,0,0.0
Student_0194,23,Male,Mechanical,MCA,6.63,0,3,79,50,42,46,15,2,89,1,2,1,11.62
Student_0195,20,Female,Civil,MCA,8.37,3,4,92,82,37,49,4,2,81,0,4,1,15.21
Student_0196,21,Female,Mechanical,B.Tech,6.19,3,5,74,62,40,49,10,1,54,1,4,1,11.83
Student_0197,20,Male,Information Technology,B.Tech,7.7,0,5,39,57,96,59,12,4,74,0,3,0,0.0
Student_0198,21,Female,Computer Science,BCA,7.56,0,1,76,62,57,52,22,3,84,1,0,0,0.0
Student_0199,23,Male,Information Technology,B.E,8.36,0,4,52,54,97,70,7,5,63,0,1,1,14.08
Student_0200,21,Female,Mechanical,B.Tech,7.27,1,2,33,86,53,89,0,5,76,0,1,0,0.0
Student_0201,23,Female,Electronics,B.Tech,8.19,1,0,43,57,51,68,10,5,33,1,1,1,12.57
Student_0202,21,Female,Mechanical,B.Tech,7.23,2,2,99,63,64,53,22,1,94,1,4,1,12.01
Student_0203,22,Female,Information Technology,B.E,7.83,2,5,59,69,96,69,19,3,94,0,0,1,13.33
Student_0204,21,Male,Electrical,B.Tech,5.9,0,5,44,75,69,73,1,2,44,1,4,0,0.0
Student_0205,21,Male,Electronics,B.Tech,5.0,1,4,39,53,32,92,1,4,63,1,4,0,0.0
Student_0206,23,Male,Electrical,B.Tech,7.78,3,5,75,35,49,96,18,4,46,1,2,1,15.12
Student_0207,23,Male,Electronics,MCA,7.83,3,3,83,78,98,49,17,1,57,1,1,1,13.2
Student_0208,21,Female,Electronics,B.Tech,7.88,1,4,54,69,40,94,13,5,49,1,1,1,12.6
Student_0209,23,Male,Mechanical,B.Tech,6.88,0,0,37,75,88,87,2,1,90,1,3,0,0.0
Student_0210,21,Female,Information Technology,B.E,8.89,0,1,54,68,95,38,6,5,78,0,3,0,0.0
Student_0211,22,Male,Information Technology,B.Tech,6.94,1,1,76,65,45,69,20,5,89,1,2,1,16.56
Student_0212,23,Male,Electronics,MCA,7.82,1,5,37,96,69,40,3,0,85,1,2,1,11.62
Student_0213,21,Male,Civil,MCA,7.99,1,3,48,33,71,64,4,2,80,0,4,1,13.55
Student_0214,22,Female,Computer Science,B.Tech,9.12,0,5,30,36,85,33,10,2,41,0,3,0,0.0
Student_0215,21,Female,Electronics,B.Tech,7.08,1,2,63,95,85,50,17,4,88,0,3,1,13.38
Student_0216,20,Male,Civil,B.Tech,6.75,1,2,41,92,34,71,19,4,84,1,1,0,0.0
Student_0217,20,Male,Civil,B.Tech,5.9,1,4,43,58,52,51,14,0,38,1,0,0,0.0
Student_0218,21,Female,Electronics,B.Tech,8.95,0,3,37,67,95,30,11,5,36,1,2,0,0.0
Student_0219,23,Male,Computer Science,B.Tech,7.82,3,2,81,61,54,57,9,1,83,1,1,1,15.22
Student_0220,20,Female,Computer Science,B.Tech,7.85,1,1,64,99,47,67,1,2,57,1,1,0,0.0
Student_0221,21,Male,Electronics,B.E,10.0,1,3,96,61,74,83,6,1,52,0,2,1,15.82
Student_0222,22,Male,Civil,B.Tech,7.73,3,0,57,83,43,39,5,0,57,1,4,1,14.95
Student_0223,20,Male,Computer Science,B.Tech,6.1,2,1,45,55,40,63,1,3,90,0,4,0,0.0
Student_0224,22,Male,Electrical,B.E,7.2,0,0,44,56,85,43,17,0,55,1,3,0,0.0
Student_0225,21,Male,Civil,B.Tech,6.43,0,0,96,77,38,40,8,0,55,1,3,0,0.0
Student_0226,23,Male,Computer Science,B.Tech,7.0,0,1,71,57,92,38,12,4,57,0,2,0,0.0
Student_0227,22,Other,Electronics,B.Tech,7.0,2,0,52,30,47,83,4,2,33,1,2,0,0.0
Student_0228,22,Male,Information Technology,B.Tech,6.81,1,0,75,42,37,94,14,3,32,1,2,0,0.0
Student_0229,20,Male,Electrical,B.Tech,6.01,1,4,69,91,81,76,3,5,59,1,4,1,11.37
Student_0230,21,Male,Mechanical,BCA,8.99,2,1,38,55,42,56,16,0,31,0,4,0,0.0
Student_0231,23,Male,Information Technology,MCA,7.7,2,3,79,37,55,96,17,4,82,1,2,1,15.07
Student_0232,20,Female,Information Technology,B.Tech,7.17,0,0,38,95,54,64,7,0,59,0,3,0,0.0
Student_0233,23,Male,Mechanical,B.Tech,8.16,0,5,43,99,65,67,5,4,65,1,0,1,12.92
Student_0234,21,Female,Computer Science,M.Tech,7.87,3,1,79,64,63,74,18,1,53,1,2,1,15.87
Student_0235,22,Male,Information Technology,B.E,7.68,3,4,61,73,43,75,5,0,83,1,4,1,14.04
Student_0236,22,Other,Computer Science,B.Tech,8.08,3,3,45,82,46,64,4,1,59,0,3,1,12.76
Student_0237,21,Male,Mechanical,B.Tech,7.53,3,4,34,34,43,63,8,2,32,1,2,1,14.72
Student_0238,21,Female,Civil,B.Tech,8.07,1,3,71,50,33,52,23,4,64,0,1,1,12.56
Student_0239,22,Male,Electronics,B.E,8.15,3,3,78,69,75,77,11,4,42,1,4,1,16.9
Student_0240,20,Male,Computer Science,B.Tech,7.56,3,4,44,68,62,77,6,4,71,0,4,1,12.91
Student_0241,22,Female,Electronics,B.Tech,7.18,3,4,59,53,37,60,12,0,69,0,1,0,0.0
Student_0242,20,Female,Electrical,B.Tech,8.93,0,2,54,30,53,79,8,5,63,0,4,1,14.91
Student_0243,22,Female,Information Technology,B.Tech,6.92,0,5,92,96,76,39,15,2,56,1,2,1,13.85
Student_0244,22,Male,Computer Science,B.E,7.79,1,5,85,73,49,59,10,0,71,0,1,1,15.23
Student_0245,20,Female,Computer Science,M.Tech,7.81,2,4,49,82,58,99,14,5,77,1,1,1,13.72
Student_0246,23,Female,Civil,B.E,6.79,3,5,65,60,82,81,10,4,91,1,2,1,14.61
Student_0247,21,Female,Computer Science,B.Tech,6.59,1,0,94,65,76,80,11,0,97,1,2,1,12.42
Student_0248,23,Male,Mechanical,B.Tech,7.05,3,3,54,61,79,90,10,2,35,0,3,1,12.53
Student_0249,20,Female,Electrical,BCA,6.91,3,3,39,60,56,72,9,5,76,0,0,0,0.0
Student_0250,20,Female,Mechanical,B.E,5.94,3,5,50,76,63,76,23,4,35,0,2,1,13.52
Student_0251,21,Female,Electronics,B.Tech,6.75,0,0,72,99,89,63,6,1,59,1,3,0,0.0
Student_0252,20,Male,Information Technology,B.Tech,7.67,0,4,99,84,91,87,19,4,81,1,4,1,17.46
Student_0253,21,Male,Computer Science,BCA,8.67,0,0,51,76,33,79,17,1,67,0,1,1,12.96
Student_0254,22,Female,Computer Science,BCA,7.95,2,2,34,30,88,66,12,2,86,1,3,1,13.7
Student_0255,20,Male,Electrical,MCA,5.0,2,4,42,65,92,38,7,1,93,1,1,0,0.0
Student_0256,22,Female,Computer Science,B.E,8.04,1,1,58,96,95,86,11,4,98,1,3,1,15.43
Student_0257,20,Male,Computer Science,B.Tech,6.84,0,5,36,57,48,52,20,5,77,0,1,0,0.0
Student_0258,20,Male,Civil,B.Tech,7.85,2,5,32,68,65,55,4,0,77,0,3,0,0.0
Student_0259,22,Female,Electronics,B.Tech,7.39,2,0,75,52,32,38,14,3,86,1,2,1,13.12
Student_0260,23,Male,Electronics,M.Tech,7.21,1,1,87,43,37,45,18,1,46,0,1,0,0.0
Student_0261,20,Male,Civil,B.E,7.3,1,0,46,79,69,38,15,4,51,1,2,0,0.0
Student_0262,21,Female,Mechanical,B.Tech,7.38,2,4,66,51,44,36,3,0,53,1,3,0,0.0
Student_0263,23,Female,Electrical,MCA,8.74,2,5,70,71,45,31,12,2,82,0,3,1,13.26
Student_0264,23,Female,Electronics,B.Tech,7.38,2,3,76,71,50,50,4,1,54,0,3,1,12.22
Student_0265,22,Male,Civil,B.Tech,8.49,3,0,98,89,62,82,22,5,39,1,3,1,17.28
Student_0266,21,Male,Electrical,B.Tech,8.34,1,1,91,95,40,90,8,0,85,0,4,1,15.71
Student_0267,21,Female,Electronics,MCA,8.07,2,0,52,68,86,45,10,3,82,1,2,1,15.16
Student_0268,22,Male,Information Technology,MCA,5.61,3,2,98,33,76,59,20,0,71,0,2,1,14.01
Student_0269,22,Male,Electrical,B.E,8.52,0,4,32,70,85,88,10,3,91,0,2,1,12.66
Student_0270,21,Male,Information Technology,MCA,6.94,1,0,97,91,94,79,4,4,85,1,2,1,14.01
Student_0271,20,Male,Computer Science,MCA,8.12,0,5,39,63,72,93,21,4,93,0,0,1,13.34
Student_0272,20,Female,Mechanical,BCA,6.43,1,1,37,69,55,59,15,0,48,1,4,0,0.0
Student_0273,23,Female,Electrical,MCA,6.21,0,3,38,83,98,41,14,4,38,0,2,0,0.0
Student_0274,21,Female,Computer Science,B.Tech,9.38,2,4,38,60,69,40,1,1,53,0,2,0,0.0
Student_0275,21,Male,Electrical,BCA,6.44,0,3,62,59,62,79,10,4,88,1,4,0,0.0
Student_0276,21,Male,Civil,B.E,8.55,2,2,74,63,59,31,11,5,94,0,2,0,0.0
Student_0277,23,Male,Electrical,M.Tech,7.52,2,2,82,89,32,62,6,0,37,0,2,0,0.0
Student_0278,20,Male,Electronics,B.Tech,6.98,3,2,31,64,96,54,13,2,89,0,2,0,0.0
Student_0279,20,Male,Information Technology,M.Tech,7.36,1,1,50,52,87,94,5,5,63,0,4,1,14.74
Student_0280,21,Male,Mechanical,MCA,6.1,1,1,39,71,78,99,11,0,87,0,1,0,0.0
Student_0281,21,Male,Computer Science,B.Tech,7.39,0,4,40,78,45,63,19,1,77,0,0,0,0.0
Student_0282,22,Female,Electrical,MCA,6.32,2,5,82,93,94,70,17,3,34,0,0,1,12.62
Student_0283,21,Female,Mechanical,B.Tech,7.0,0,5,74,92,42,56,6,5,63,0,3,1,12.36
Student_0284,21,Male,Electronics,B.Tech,8.33,0,1,44,84,46,84,4,1,36,0,0,0,0.0
Student_0285,23,Male,Mechanical,B.Tech,7.65,3,1,51,83,34,50,0,2,53,0,3,0,0.0
Student_0286,20,Female,Civil,BCA,5.92,2,0,94,61,50,82,8,4,83,0,4,0,0.0
Student_0287,22,Female,Mechanical,B.E,8.25,0,1,70,53,52,93,0,0,77,1,3,0,0.0
Student_0288,22,Female,Electrical,B.Tech,7.39,2,3,46,69,85,42,3,1,79,1,0,0,0.0
Student_0289,21,Male,Electrical,B.E,6.86,1,1,95,79,52,45,23,1,76,0,3,0,0.0
Student_0290,23,Female,Electrical,B.Tech,8.15,0,4,43,66,96,56,20,2,31,0,2,1,12.42
Student_0291,21,Male,Mechanical,B.Tech,7.23,1,0,50,44,51,87,13,3,70,1,0,0,0.0
Student_0292,23,Male,Civil,MCA,6.23,3,2,78,31,66,74,18,1,63,1,0,1,14.82
Student_0293,21,Male,Information Technology,M.Tech,9.25,0,1,65,34,71,43,11,2,66,1,3,0,0.0
Student_0294,22,Male,Computer Science,BCA,7.38,1,2,34,59,88,55,14,5,44,0,2,1,11.48
Student_0295,22,Male,Electronics,B.E,7.32,3,0,86,85,82,75,22,4,79,1,2,1,15.11
Student_0296,23,Male,Electrical,MCA,6.99,1,2,45,85,90,97,1,5,72,1,3,1,11.96
Student_0297,21,Female,Computer Science,B.Tech,8.58,0,4,78,86,95,61,8,4,58,0,2,1,14.5
Student_0298,21,Male,Mechanical,B.Tech,6.88,1,5,53,79,38,35,2,3,33,0,4,0,0.0
Student_0299,20,Male,Information Technology,B.Tech,5.86,2,1,82,31,36,37,19,1,34,1,0,0,0.0
Student_0300,21,Male,Electronics,B.E,6.72,3,2,92,91,61,32,19,0,55,1,1,0,0.0
Student_0301,23,Male,Computer Science,B.E,8.73,2,4,84,96,40,38,17,3,67,1,0,1,12.81
Student_0302,20,Male,Civil,M.Tech,8.23,0,2,94,89,64,58,14,2,99,1,2,1,15.28
Student_0303,23,Male,Civil,B.Tech,7.14,3,3,67,61,71,49,11,4,80,1,4,1,14.11
Student_0304,22,Male,Civil,B.Tech,8.77,3,2,34,45,49,51,0,0,63,1,2,1,12.14
Student_0305,20,Female,Civil,B.E,8.15,2,5,67,93,36,83,18,5,50,0,1,1,13.13
Student_0306,21,Female,Information Technology,MCA,7.13,3,3,62,42,97,63,21,1,41,0,0,0,0.0
Student_0307,22,Male,Mechanical,B.Tech,7.23,3,5,80,85,55,81,23,2,39,0,1,1,15.8
Student_0308,21,Female,Computer Science,B.Tech,7.73,0,4,47,97,88,67,8,2,35,1,1,1,11.71
Student_0309,20,Female,Electronics,B.Tech,6.57,1,2,78,93,73,44,4,5,93,1,0,0,0.0
Student_0310,22,Other,Mechanical,B.Tech,7.4,2,1,60,66,76,96,15,4,31,1,0,1,13.09
Student_0311,22,Female,Civil,B.Tech,7.71,1,0,76,88,84,63,0,0,90,0,3,1,15.03
Student_0312,20,Female,Computer Science,B.Tech,5.71,2,3,59,88,48,88,1,5,70,1,3,1,11.79
Student_0313,21,Female,Civil,B.E,7.21,2,4,56,98,45,36,19,4,73,1,3,1,14.13
Student_0314,20,Female,Electronics,B.Tech,7.1,0,2,44,55,99,89,22,0,97,1,0,1,11.46
Student_0315,22,Male,Electrical,B.Tech,8.43,2,0,87,74,76,80,9,4,85,1,4,1,15.69
Student_0316,22,Male,Mechanical,B.Tech,5.56,0,4,34,87,50,47,12,0,40,1,2,0,0.0
Student_0317,22,Male,Mechanical,MCA,7.02,2,1,46,45,75,85,13,2,97,1,2,0,0.0
Student_0318,23,Male,Civil,B.Tech,6.92,1,3,59,45,57,81,3,0,42,0,4,0,0.0
Student_0319,23,Male,Civil,B.Tech,8.36,0,0,40,57,90,92,5,0,69,1,1,1,13.74
Student_0320,21,Male,Computer Science,B.Tech,7.36,3,0,94,55,65,44,7,3,74,0,2,1,15.8
Student_0321,20,Female,Mechanical,B.E,9.2,1,5,54,82,51,92,20,4,47,1,0,1,13.2
Student_0322,22,Female,Computer Science,MCA,8.06,0,4,46,95,78,83,10,2,74,1,2,1,14.05
Student_0323,23,Female,Electronics,B.Tech,6.99,1,0,47,40,82,53,17,2,74,0,1,0,0.0
Student_0324,23,Male,Civil,B.Tech,7.64,3,0,43,52,56,54,4,3,98,1,0,1,12.67
Student_0325,20,Male,Electrical,B.Tech,7.05,0,2,76,95,82,47,22,0,94,0,3,1,14.04
Student_0326,20,Female,Information Technology,B.E,8.26,1,4,63,71,46,63,21,0,57,1,0,1,12.27
Student_0327,20,Female,Electronics,MCA,6.07,1,2,46,44,46,92,11,0,78,1,4,0,0.0
Student_0328,20,Other,Mechanical,B.Tech,6.58,3,5,91,72,87,88,5,0,87,0,1,1,14.65
Student_0329,22,Female,Electronics,B.Tech,7.86,0,3,75,91,73,40,23,4,31,0,0,0,0.0
Student_0330,22,Female,Information Technology,BCA,8.63,0,3,58,56,32,39,19,3,77,1,2,1,13.37
Student_0331,21,Male,Information Technology,M.Tech,5.2,2,1,65,63,77,34,12,1,94,1,1,0,0.0
Student_0332,21,Male,Electronics,B.Tech,8.77,0,4,75,72,51,72,6,3,38,0,3,0,0.0
Student_0333,23,Male,Mechanical,B.Tech,7.26,2,5,40,88,49,51,14,2,82,0,3,1,11.75
Student_0334,21,Female,Electrical,B.Tech,5.52,1,0,86,69,59,83,8,0,34,0,2,0,0.0
Student_0335,23,Female,Mechanical,BCA,5.0,2,4,48,97,61,83,16,5,58,0,2,0,0.0
Student_0336,23,Male,Electronics,M.Tech,5.87,0,5,32,82,92,43,19,5,87,1,3,0,0.0
Student_0337,21,Female,Mechanical,M.Tech,7.38,2,2,66,59,60,78,11,4,99,1,3,1,14.88
Student_0338,20,Male,Civil,BCA,7.33,2,4,91,64,50,83,1,4,80,0,0,1,12.84
Student_0339,23,Male,Electronics,B.Tech,8.03,0,2,81,78,84,99,13,3,80,1,2,1,14.3
Student_0340,22,Male,Electronics,B.Tech,6.85,1,1,51,34,67,80,20,4,48,1,3,1,13.53
Student_0341,21,Male,Information Technology,B.Tech,6.29,0,4,57,45,30,55,5,3,87,1,1,1,12.66
Student_0342,22,Female,Electrical,MCA,6.99,0,1,71,46,74,99,23,0,76,0,4,0,0.0
Student_0343,22,Male,Electrical,B.E,7.43,2,4,46,86,65,49,8,1,96,0,2,1,11.01
Student_0344,23,Female,Information Technology,B.Tech,7.63,1,1,87,87,70,86,16,5,72,1,1,1,14.84
Student_0345,21,Female,Electronics,B.Tech,6.61,3,2,50,87,42,56,16,2,32,0,1,0,0.0
Student_0346,23,Male,Information Technology,M.Tech,8.3,1,4,45,37,63,95,4,4,65,0,3,1,14.75
Student_0347,23,Male,Electrical,M.Tech,6.78,2,2,36,50,75,84,0,0,84,1,3,0,0.0
Student_0348,20,Female,Computer Science,M.Tech,6.53,2,4,78,51,77,71,22,2,85,0,1,0,0.0
Student_0349,20,Male,Information Technology,B.Tech,6.86,2,0,31,31,77,45,16,0,57,1,0,0,0.0
Student_0350,22,Female,Information Technology,MCA,8.47,3,0,86,48,99,43,15,1,41,1,0,0,0.0
Student_0351,20,Male,Mechanical,BCA,7.27,2,0,98,60,65,96,7,0,90,0,2,0,0.0
Student_0352,21,Female,Information Technology,M.Tech,6.71,2,1,37,91,60,86,2,1,87,1,4,0,0.0
Student_0353,21,Female,Mechanical,M.Tech,8.33,2,0,36,41,67,65,6,3,91,1,4,1,14.22
Student_0354,23,Male,Civil,MCA,9.54,1,2,95,90,53,91,13,0,76,0,2,1,15.74
Student_0355,23,Male,Civil,MCA,7.61,2,0,38,87,52,84,16,1,88,0,2,1,11.68
Student_0356,20,Female,Computer Science,B.E,8.63,3,4,58,41,78,57,7,4,58,1,2,1,15.89
Student_0357,23,Male,Computer Science,B.Tech,8.44,2,0,90,48,51,87,5,0,84,1,1,1,15.97
Student_0358,20,Male,Computer Science,B.Tech,6.79,2,5,39,62,82,85,5,3,64,1,2,1,14.42
Student_0359,22,Male,Electrical,BCA,7.43,0,5,76,96,82,63,23,5,85,0,4,1,13.96
Student_0360,23,Male,Mechanical,B.E,6.12,1,4,56,84,96,31,15,4,40,0,3,0,0.0
Student_0361,23,Female,Mechanical,B.Tech,7.2,0,4,60,98,39,81,23,0,50,1,1,1,12.13
Student_0362,20,Female,Civil,B.Tech,6.77,0,4,95,51,55,53,0,0,45,1,0,0,0.0
Student_0363,23,Male,Mechanical,MCA,7.0,1,5,75,93,84,55,10,4,58,0,3,1,12.78
Student_0364,20,Female,Information Technology,MCA,6.65,1,3,52,96,60,79,10,2,87,1,4,1,11.99
Student_0365,22,Male,Mechanical,MCA,7.11,2,3,95,71,75,86,9,2,38,1,0,1,13.85
Student_0366,21,Male,Civil,B.Tech,7.93,3,2,70,40,81,36,9,2,81,0,1,1,12.6
Student_0367,21,Female,Computer Science,BCA,7.28,3,3,36,48,91,87,1,3,88,1,4,1,15.67
Student_0368,20,Other,Mechanical,BCA,5.54,1,2,57,39,45,50,0,2,76,1,1,0,0.0
Student_0369,23,Male,Electronics,B.Tech,6.65,1,0,47,86,48,69,18,0,75,0,0,0,0.0
Student_0370,21,Male,Computer Science,B.Tech,5.88,2,5,74,51,62,90,10,0,39,1,1,1,13.54
Student_0371,22,Male,Information Technology,MCA,7.64,1,4,90,79,65,45,3,0,72,0,1,1,14.62
Student_0372,21,Female,Electronics,B.Tech,7.9,3,4,32,48,93,45,8,1,45,0,2,0,0.0
Student_0373,21,Male,Electronics,B.E,7.66,3,1,84,98,32,97,22,4,47,1,4,1,17.81
Student_0374,23,Male,Information Technology,M.Tech,6.61,2,4,94,84,47,56,11,5,90,0,4,1,15.14
Student_0375,20,Female,Mechanical,M.Tech,7.65,0,3,99,56,93,96,23,2,73,1,2,1,14.4
Student_0376,22,Male,Electronics,B.Tech,6.93,2,0,76,63,73,55,3,0,99,1,0,0,0.0
Student_0377,22,Male,Electronics,M.Tech,6.26,3,5,51,34,77,73,2,0,61,1,1,0,0.0
Student_0378,21,Male,Civil,B.Tech,8.14,0,5,40,39,47,65,13,4,55,0,0,1,10.3
Student_0379,21,Male,Computer Science,BCA,8.22,0,5,96,99,73,98,16,2,99,1,0,1,15.95
Student_0380,20,Male,Electronics,B.Tech,8.35,2,2,58,87,55,68,23,5,73,0,1,1,14.34
Student_0381,23,Female,Computer Science,M.Tech,6.79,1,1,54,88,81,65,11,3,90,0,0,1,13.56
Student_0382,23,Female,Electrical,BCA,8.58,2,0,81,75,36,62,4,5,33,0,2,1,14.04
Student_0383,20,Female,Information Technology,B.Tech,6.91,1,4,80,45,49,56,12,0,66,1,1,0,0.0
Student_0384,20,Other,Civil,B.Tech,8.05,3,5,86,37,75,60,7,5,87,1,3,1,15.92
Student_0385,20,Male,Information Technology,BCA,6.89,1,0,91,80,72,62,4,3,86,0,2,0,0.0
Student_0386,20,Male,Information Technology,B.Tech,7.18,1,4,91,53,88,83,2,2,80,1,4,1,15.08
Student_0387,23,Female,Mechanical,B.Tech,5.0,0,0,41,30,86,33,17,3,41,1,2,0,0.0
Student_0388,23,Male,Civil,B.E,7.1,0,4,41,31,31,65,15,1,68,0,0,0,0.0
Student_0389,20,Female,Information Technology,MCA,7.49,0,0,44,69,36,68,3,3,37,1,4,0,0.0
Student_0390,22,Female,Information Technology,B.E,6.99,3,5,73,88,54,82,13,4,86,1,1,1,14.95
Student_0391,20,Male,Electrical,B.Tech,9.16,1,1,70,55,97,76,21,4,74,1,3,1,14.55
Student_0392,21,Male,Information Technology,MCA,6.24,0,2,90,99,63,60,19,5,43,0,3,1,12.02
Student_0393,22,Male,Information Technology,B.E,6.84,1,4,89,56,92,37,10,2,80,0,4,1,13.78
Student_0394,22,Male,Civil,B.Tech,6.5,2,5,86,81,34,56,1,4,80,1,3,1,14.65
Student_0395,23,Male,Computer Science,B.Tech,6.84,3,2,35,47,97,47,15,5,33,0,2,0,0.0
Student_0396,20,Male,Electrical,B.Tech,8.43,3,5,78,72,34,44,12,0,36,1,1,1,14.34
Student_0397,20,Female,Electrical,B.Tech,8.88,0,0,89,49,86,80,22,2,44,1,2,1,15.58
Student_0398,21,Female,Electrical,M.Tech,6.7,3,2,98,84,91,63,13,4,34,1,3,1,15.96
Student_0399,21,Female,Information Technology,B.Tech,6.68,1,5,54,61,50,85,17,2,67,0,2,1,13.21
Student_0400,23,Male,Computer Science,M.Tech,6.24,3,1,84,32,51,39,12,0,91,1,0,0,0.0
Student_0401,23,Male,Electronics,B.Tech,8.71,0,3,58,47,70,99,12,3,34,1,1,1,15.36
Student_0402,21,Male,Electronics,B.Tech,8.52,2,2,41,54,80,63,7,2,73,1,4,1,12.73
Student_0403,23,Male,Electrical,B.Tech,7.29,3,2,53,62,38,47,9,3,59,1,1,1,11.66
Student_0404,21,Female,Mechanical,B.E,6.0,0,4,47,48,46,55,7,0,88,0,2,0,0.0
Student_0405,22,Male,Electrical,M.Tech,6.09,3,3,93,70,82,88,11,0,63,0,4,1,17.35
Student_0406,21,Male,Civil,B.Tech,7.57,0,4,42,97,86,79,22,3,76,1,1,1,12.81
Student_0407,20,Female,Civil,B.Tech,7.95,3,3,39,79,40,42,8,5,94,0,3,0,0.0
Student_0408,23,Male,Computer Science,B.Tech,5.33,2,5,70,51,92,99,11,3,39,0,3,1,13.23
Student_0409,20,Male,Computer Science,BCA,7.08,3,2,70,77,90,39,22,5,52,1,1,1,13.69
Student_0410,20,Male,Computer Science,B.Tech,9.02,3,4,69,97,90,49,3,5,48,0,4,1,16.18
Student_0411,20,Female,Mechanical,BCA,7.18,1,3,40,46,46,81,6,1,41,1,2,0,0.0
Student_0412,21,Female,Information Technology,B.Tech,8.89,1,4,64,46,76,67,11,0,75,1,1,1,12.66
Student_0413,20,Male,Electrical,B.Tech,8.05,2,5,95,32,41,61,9,3,30,0,1,1,14.93
Student_0414,20,Female,Computer Science,M.Tech,6.32,0,1,36,88,43,94,8,3,57,0,1,0,0.0
Student_0415,22,Female,Electrical,B.E,7.11,1,1,85,88,34,85,18,4,38,0,2,1,15.51
Student_0416,23,Female,Civil,B.Tech,7.27,0,1,38,58,64,97,11,3,73,1,1,0,0.0
Student_0417,20,Male,Computer Science,MCA,6.45,3,2,46,91,79,49,8,5,82,0,1,1,12.04
Student_0418,21,Male,Computer Science,B.Tech,6.43,0,2,92,75,43,89,11,5,62,1,3,1,15.35
Student_0419,22,Female,Electronics,B.Tech,8.91,1,0,50,98,43,44,21,3,61,1,4,1,13.95
Student_0420,23,Male,Electronics,B.Tech,6.42,1,5,66,94,49,86,23,3,61,0,3,1,12.96
Student_0421,22,Female,Information Technology,B.E,8.48,1,5,56,97,43,68,5,0,43,1,2,1,14.25
Student_0422,23,Female,Mechanical,BCA,6.96,3,3,72,57,88,71,0,4,56,1,3,1,15.06
Student_0423,22,Male,Computer Science,B.Tech,7.37,3,1,58,74,41,38,0,4,95,1,2,0,0.0
Student_0424,21,Female,Computer Science,MCA,7.96,2,4,61,41,49,91,10,5,32,1,1,1,15.64
Student_0425,20,Female,Civil,B.E,6.8,3,1,87,92,51,49,15,0,85,1,3,0,0.0
Student_0426,23,Female,Electrical,MCA,7.97,0,1,68,52,44,71,1,0,41,0,0,0,0.0
Student_0427,23,Male,Information Technology,BCA,5.35,3,5,69,61,95,41,12,4,38,1,4,1,13.34
Student_0428,20,Female,Electrical,MCA,7.84,0,5,86,71,44,94,9,2,49,0,2,1,14.74
Student_0429,22,Male,Electronics,B.E,5.0,0,3,59,85,64,52,22,3,48,1,4,0,0.0
Student_0430,20,Female,Electronics,B.Tech,7.17,0,1,87,81,69,83,14,2,52,1,0,0,0.0
Student_0431,22,Female,Computer Science,B.Tech,8.25,0,0,80,96,48,83,10,3,89,0,2,0,0.0
Student_0432,23,Female,Electronics,M.Tech,8.02,3,5,91,79,62,68,14,3,93,1,2,1,14.16
Student_0433,20,Male,Electronics,B.Tech,6.1,1,1,62,85,41,38,3,1,78,1,1,0,0.0
Student_0434,21,Male,Mechanical,M.Tech,6.23,3,4,69,70,63,49,11,4,40,1,2,1,14.99
Student_0435,20,Male,Computer Science,B.Tech,6.71,1,2,38,59,31,72,7,2,96,1,3,0,0.0
Student_0436,22,Male,Information Technology,BCA,7.59,0,2,37,93,60,67,4,3,89,1,4,1,13.34
Student_0437,23,Male,Electronics,B.Tech,5.37,1,5,37,56,55,70,9,3,35,1,4,0,0.0
Student_0438,20,Female,Computer Science,MCA,7.39,0,3,74,73,54,47,15,4,57,0,1,1,13.56
Student_0439,21,Male,Computer Science,B.Tech,7.71,1,2,52,50,37,67,13,1,84,1,4,1,13.61
Student_0440,23,Female,Mechanical,B.Tech,7.12,2,2,50,63,99,35,23,0,36,0,2,1,11.17
Student_0441,21,Female,Electrical,BCA,7.93,3,1,72,55,31,63,6,1,35,0,2,0,0.0
Student_0442,20,Male,Mechanical,BCA,7.62,2,3,57,48,40,36,16,5,72,0,0,0,0.0
Student_0443,21,Female,Computer Science,M.Tech,6.86,0,3,39,87,37,76,13,1,53,1,3,0,0.0
Student_0444,22,Female,Electrical,MCA,5.46,2,0,69,83,98,69,20,1,60,0,4,1,13.79
Student_0445,22,Male,Mechanical,B.Tech,7.53,2,2,68,79,52,89,21,5,82,1,1,1,14.85
Student_0446,21,Male,Civil,BCA,6.45,0,3,39,35,60,62,16,1,68,1,4,0,0.0
Student_0447,23,Female,Information Technology,B.Tech,6.82,3,0,48,47,82,41,10,2,79,1,0,0,0.0
Student_0448,22,Female,Mechanical,B.E,7.88,3,5,46,45,33,46,12,2,38,1,4,1,13.46
Student_0449,21,Female,Computer Science,B.Tech,8.82,2,5,78,79,34,86,15,3,30,0,1,1,15.97
Student_0450,23,Female,Mechanical,B.Tech,7.36,1,3,47,92,42,97,19,3,47,1,2,1,14.85
Student_0451,23,Other,Information Technology,B.E,7.95,1,0,31,56,77,34,5,3,44,1,0,0,0.0
Student_0452,21,Male,Electrical,M.Tech,5.96,1,3,48,53,98,77,20,3,52,1,4,1,13.12
Student_0453,20,Female,Computer Science,B.Tech,7.65,0,5,62,69,73,63,19,5,84,1,2,1,12.79
Student_0454,22,Male,Mechanical,MCA,7.34,1,0,83,99,91,48,2,3,40,1,4,0,0.0
Student_0455,22,Other,Computer Science,B.E,8.63,0,4,33,55,91,65,6,3,38,1,1,0,0.0
Student_0456,20,Male,Civil,B.Tech,6.86,0,5,91,49,49,95,5,5,44,1,0,1,13.05
Student_0457,22,Male,Electronics,B.E,7.16,2,0,53,66,42,43,13,0,52,0,3,0,0.0
Student_0458,23,Female,Electrical,B.Tech,8.46,0,1,53,94,41,88,5,5,43,1,0,0,0.0
Student_0459,20,Male,Mechanical,B.Tech,7.31,1,4,31,81,85,36,7,1,42,1,3,0,0.0
Student_0460,22,Female,Electronics,M.Tech,6.29,1,5,49,66,76,80,4,1,70,0,0,0,0.0
Student_0461,20,Male,Computer Science,B.Tech,9.95,0,4,62,81,90,35,1,0,37,1,0,1,12.65
Student_0462,22,Other,Mechanical,B.Tech,6.32,3,3,73,31,65,34,11,3,40,0,3,1,11.18
Student_0463,21,Female,Electronics,M.Tech,7.34,3,3,83,82,98,32,7,4,88,1,3,1,15.16
Student_0464,20,Male,Computer Science,B.Tech,7.75,2,3,66,36,92,86,12,2,31,0,0,1,14.68
Student_0465,23,Female,Mechanical,BCA,7.67,2,3,37,57,86,70,5,3,34,1,0,1,12.56
Student_0466,20,Male,Information Technology,BCA,7.21,0,4,57,54,86,78,6,2,34,1,4,0,0.0
Student_0467,22,Female,Information Technology,B.Tech,7.22,3,0,81,78,38,40,21,4,67,0,0,1,13.16
Student_0468,20,Female,Computer Science,B.E,7.17,3,1,74,46,82,94,19,5,78,0,1,1,15.72
Student_0469,23,Female,Electronics,B.Tech,6.28,1,0,70,46,96,86,6,4,78,1,4,1,13.85
Student_0470,22,Male,Information Technology,B.E,9.55,2,4,65,91,50,64,3,2,78,1,2,1,15.06
Student_0471,23,Male,Computer Science,B.Tech,7.18,3,4,65,63,87,92,23,4,34,0,0,1,15.33
Student_0472,21,Female,Electronics,MCA,8.0,2,0,99,81,54,40,16,0,54,1,4,1,14.47
Student_0473,21,Female,Information Technology,B.Tech,7.07,0,0,71,70,44,50,11,5,74,0,1,1,13.58
Student_0474,22,Male,Computer Science,M.Tech,7.05,1,1,71,73,81,33,16,5,77,0,3,0,0.0
Student_0475,23,Male,Electronics,B.Tech,6.94,0,1,53,78,41,41,5,3,53,0,3,0,0.0
Student_0476,23,Male,Computer Science,B.Tech,5.85,1,3,64,76,63,88,10,3,89,0,1,1,13.59
Student_0477,20,Female,Electrical,B.E,7.24,3,2,79,93,95,58,9,1,88,0,1,1,14.38
Student_0478,22,Male,Electronics,B.E,6.99,0,2,90,84,40,75,17,2,83,0,2,1,14.12
Student_0479,20,Male,Electrical,MCA,8.57,3,0,84,51,40,91,4,0,85,0,1,1,15.33
Student_0480,21,Female,Electrical,B.Tech,6.2,1,3,76,41,96,83,11,2,98,0,0,1,12.48
Student_0481,23,Male,Electrical,B.Tech,6.82,1,4,84,89,84,57,20,3,85,0,3,1,13.75
Student_0482,21,Female,Mechanical,B.Tech,6.5,2,3,32,56,62,54,4,2,70,0,3,0,0.0
Student_0483,23,Male,Electronics,B.Tech,8.84,0,4,48,51,58,37,2,4,57,0,3,1,13.34
Student_0484,21,Female,Civil,MCA,6.53,0,5,47,37,97,88,19,5,55,0,3,1,15.69
Student_0485,20,Female,Computer Science,MCA,7.96,1,5,75,68,80,98,20,3,87,1,2,1,13.99
Student_0486,21,Female,Electrical,MCA,8.37,0,3,82,65,93,65,10,2,50,0,4,1,17.76
Student_0487,22,Male,Information Technology,B.Tech,7.25,3,0,40,87,36,64,1,1,74,0,4,0,0.0
Student_0488,23,Male,Computer Science,B.Tech,6.02,2,2,43,82,67,89,12,3,65,1,4,1,13.93
Student_0489,22,Female,Information Technology,M.Tech,6.04,3,2,64,80,80,53,7,4,56,0,0,1,11.55
Student_0490,23,Male,Information Technology,B.Tech,8.26,3,4,97,67,32,58,14,0,61,1,0,1,14.94
Student_0491,23,Male,Computer Science,M.Tech,6.14,1,5,30,90,65,92,3,2,35,0,2,0,0.0
Student_0492,23,Male,Civil,B.Tech,7.79,3,3,91,98,33,56,19,2,79,0,3,1,14.68
Student_0493,22,Female,Computer Science,B.Tech,7.51,0,2,43,87,93,94,16,1,34,0,1,0,0.0
Student_0494,21,Female,Electrical,MCA,7.78,1,4,48,54,77,41,15,1,35,1,0,0,0.0
Student_0495,21,Female,Electronics,B.Tech,7.87,2,4,74,49,43,64,12,5,47,0,0,1,11.77
Student_0496,20,Female,Civil,MCA,6.47,1,4,81,30,66,64,5,2,67,0,2,0,0.0
Student_0497,21,Male,Electronics,B.Tech,6.42,2,3,91,99,37,51,22,3,50,1,4,1,13.94
Student_0498,23,Male,Computer Science,B.Tech,8.11,3,3,30,81,86,97,6,0,91,1,2,1,13.43
Student_0499,21,Male,Information Technology,B.Tech,6.77,1,2,33,95,43,63,8,1,94,1,3,1,11.59
Student_0500,20,Female,Mechanical,B.Tech,5.0,1,2,63,85,72,91,22,1,57,0,0,0,0.0
Student_0501,22,Male,Civil,B.E,8.05,2,1,69,60,35,45,0,1,99,0,1,0,0.0
Student_0502,23,Female,Information Technology,B.Tech,6.36,3,1,48,40,41,54,3,5,36,1,3,0,0.0
Student_0503,23,Female,Electronics,B.E,7.87,3,3,74,33,98,63,18,3,40,1,2,1,15.76
Student_0504,21,Male,Electrical,MCA,8.79,3,2,48,85,57,69,8,5,54,1,0,1,16.49
Student_0505,21,Female,Electrical,B.Tech,7.42,0,0,95,51,38,46,13,2,95,0,1,0,0.0
Student_0506,22,Male,Electronics,B.Tech,8.4,0,0,42,56,78,51,13,4,65,1,3,0,0.0
Student_0507,20,Other,Information Technology,B.Tech,7.55,2,5,75,88,44,73,19,0,79,1,3,1,14.46
Student_0508,21,Female,Information Technology,BCA,8.99,1,2,67,63,71,49,14,4,75,0,4,1,14.14
Student_0509,20,Female,Mechanical,B.E,6.34,2,3,37,96,86,83,10,3,64,1,1,1,11.86
Student_0510,23,Male,Mechanical,B.Tech,7.39,3,5,72,68,77,63,13,0,95,0,4,1,14.96
Student_0511,22,Male,Information Technology,B.E,8.07,2,0,40,88,47,97,17,4,96,0,4,1,14.48
Student_0512,23,Male,Computer Science,B.E,7.21,1,5,67,38,46,46,9,2,61,1,1,1,13.1
Student_0513,23,Male,Electronics,B.Tech,8.55,3,4,74,57,45,88,4,0,79,0,1,1,13.74
Student_0514,23,Male,Civil,B.Tech,6.97,1,3,35,42,74,64,11,5,73,0,4,0,0.0
Student_0515,20,Male,Computer Science,MCA,9.47,2,2,45,33,77,36,23,3,71,1,1,1,13.18
Student_0516,23,Other,Electronics,B.Tech,9.52,0,4,50,99,66,79,2,3,37,0,2,1,15.18
Student_0517,20,Male,Computer Science,B.Tech,7.68,2,1,94,66,57,44,4,3,44,0,4,1,14.04
Student_0518,21,Male,Information Technology,B.Tech,7.95,1,1,45,54,34,39,23,0,99,0,1,0,0.0
Student_0519,22,Female,Mechanical,B.E,8.59,0,5,94,56,88,67,19,1,47,0,4,1,15.98
Student_0520,21,Female,Information Technology,B.Tech,6.21,0,1,67,46,76,85,2,4,75,1,0,0,0.0
Student_0521,20,Female,Information Technology,B.Tech,6.09,2,4,96,38,74,48,5,2,93,1,1,0,0.0
Student_0522,20,Female,Electrical,B.Tech,8.66,0,5,88,93,37,73,16,5,72,1,1,1,13.46
Student_0523,23,Female,Information Technology,M.Tech,7.67,0,3,50,37,50,31,18,1,45,1,2,1,12.64
Student_0524,21,Female,Information Technology,B.Tech,7.17,0,1,69,56,51,42,17,2,90,1,1,1,13.05
Student_0525,21,Male,Electrical,MCA,7.41,0,5,80,40,71,82,20,2,32,0,4,1,13.21
Student_0526,23,Female,Mechanical,B.Tech,5.01,1,4,35,95,85,30,12,0,80,1,3,0,0.0
Student_0527,20,Male,Computer Science,B.Tech,7.21,1,3,76,44,90,55,21,4,48,1,3,1,14.64
Student_0528,23,Male,Electronics,MCA,6.65,2,0,62,57,66,65,14,0,74,1,3,0,0.0
Student_0529,23,Male,Mechanical,BCA,8.32,2,2,32,82,55,34,11,2,63,0,3,1,12.26
Student_0530,22,Male,Information Technology,B.Tech,8.4,2,2,90,69,58,98,15,5,69,1,3,1,17.08
Student_0531,20,Female,Mechanical,BCA,7.98,3,1,48,56,81,65,10,5,56,0,3,1,15.16
Student_0532,20,Male,Mechanical,B.E,7.8,0,2,91,69,52,53,14,1,67,0,3,1,15.81
Student_0533,21,Male,Information Technology,B.Tech,5.9,2,0,44,60,59,98,20,2,95,1,4,1,12.19
Student_0534,22,Male,Civil,BCA,7.99,0,4,67,50,85,69,22,3,87,1,0,0,0.0
Student_0535,20,Female,Electronics,BCA,8.03,3,2,55,71,68,77,13,4,59,1,2,1,13.91
Student_0536,21,Male,Electrical,B.Tech,8.65,1,4,92,55,62,36,0,1,95,0,0,1,14.25
Student_0537,20,Female,Computer Science,B.E,9.52,1,2,96,97,81,41,14,3,92,1,0,1,14.39
Student_0538,22,Female,Information Technology,B.Tech,5.71,0,4,83,62,50,33,6,5,73,1,4,1,13.0
Student_0539,20,Male,Civil,B.Tech,7.01,2,4,89,82,34,66,5,4,71,1,2,1,14.28
Student_0540,22,Female,Electrical,MCA,6.66,1,0,83,46,85,88,21,4,32,0,3,1,14.33
Student_0541,20,Male,Information Technology,B.E,7.57,3,2,50,75,61,93,10,5,66,1,3,1,15.16
Student_0542,20,Male,Electrical,B.E,7.41,0,4,94,69,52,70,18,5,44,0,0,1,14.95
Student_0543,20,Female,Information Technology,B.E,7.17,1,3,67,82,36,33,8,3,41,1,2,0,0.0
Student_0544,23,Female,Electronics,B.E,8.43,3,1,54,62,94,73,14,5,90,1,0,1,14.14
Student_0545,20,Male,Information Technology,B.Tech,6.3,3,4,43,80,80,74,15,2,48,1,1,1,11.47
Student_0546,21,Female,Electronics,MCA,6.36,3,1,79,34,49,71,21,4,73,0,0,1,13.97
Student_0547,22,Male,Electrical,B.E,6.38,2,5,49,78,72,80,4,5,90,0,3,1,13.24
Student_0548,22,Female,Civil,M.Tech,7.04,3,4,75,82,62,69,13,0,71,0,0,1,14.35
Student_0549,22,Female,Civil,B.E,6.17,0,1,34,64,52,79,9,5,84,1,2,0,0.0
Student_0550,23,Female,Information Technology,B.Tech,7.35,3,1,74,32,51,64,11,4,84,1,1,1,13.87
Student_0551,21,Female,Electrical,B.Tech,7.23,2,5,74,69,35,40,20,5,61,0,4,1,13.6
Student_0552,23,Male,Electronics,B.Tech,6.61,1,3,66,84,98,35,3,4,94,1,3,0,0.0
Student_0553,21,Female,Mechanical,B.Tech,8.27,0,4,75,62,94,93,13,0,93,1,1,1,11.95
Student_0554,23,Female,Civil,M.Tech,7.34,2,4,99,36,90,60,9,1,53,1,1,0,0.0
Student_0555,22,Female,Mechanical,MCA,8.46,0,0,88,57,52,52,21,0,87,0,3,1,13.58
Student_0556,22,Male,Mechanical,B.Tech,7.2,2,4,60,99,99,50,5,3,42,0,3,1,12.41
Student_0557,23,Male,Electronics,B.Tech,7.38,0,2,91,48,49,33,5,2,37,0,2,0,0.0
Student_0558,23,Male,Mechanical,M.Tech,6.84,1,5,96,67,87,96,2,2,67,0,0,1,13.98
Student_0559,23,Male,Electrical,B.Tech,7.39,0,1,41,54,37,35,10,4,72,1,0,0,0.0
Student_0560,22,Male,Electronics,MCA,8.11,1,0,55,79,51,45,0,4,70,0,3,1,13.34
Student_0561,20,Male,Mechanical,B.Tech,6.99,1,3,82,59,70,62,12,0,85,1,2,0,0.0
Student_0562,21,Female,Information Technology,B.Tech,7.92,0,3,66,56,97,55,5,5,57,0,4,1,12.49
Student_0563,20,Male,Electronics,B.Tech,6.59,3,3,39,70,48,32,9,2,86,0,0,0,0.0
Student_0564,23,Female,Civil,MCA,8.16,3,1,63,70,60,53,14,4,93,1,0,1,11.69
Student_0565,20,Male,Mechanical,B.Tech,6.82,1,2,56,64,88,84,16,3,36,0,3,0,0.0
Student_0566,20,Female,Information Technology,M.Tech,8.25,0,5,81,48,63,47,1,2,61,0,4,1,14.43
Student_0567,20,Male,Mechanical,B.Tech,7.46,3,4,66,37,77,90,3,1,45,1,3,1,15.79
Student_0568,22,Male,Civil,B.Tech,8.92,2,5,39,78,59,55,7,1,75,0,0,1,15.16
Student_0569,22,Female,Computer Science,MCA,6.25,2,1,33,53,30,30,12,4,58,1,0,0,0.0
Student_0570,23,Female,Computer Science,B.Tech,5.92,2,5,50,72,49,37,21,1,49,0,4,0,0.0
Student_0571,21,Male,Electronics,B.Tech,6.78,0,2,40,56,69,86,3,1,47,0,2,0,0.0
Student_0572,21,Male,Mechanical,B.E,6.02,1,5,91,89,31,58,1,0,54,0,2,0,0.0
Student_0573,20,Female,Information Technology,MCA,6.02,0,5,48,79,46,98,15,5,37,0,4,1,15.09
Student_0574,20,Female,Civil,B.Tech,8.02,2,0,74,58,96,85,23,2,37,0,1,1,13.09
Student_0575,21,Male,Electrical,B.Tech,7.4,3,5,38,53,31,32,19,2,74,0,1,0,0.0
Student_0576,23,Male,Mechanical,MCA,6.92,2,3,60,82,47,51,13,2,95,0,3,0,0.0
Student_0577,22,Male,Electronics,M.Tech,7.01,2,4,95,30,73,80,0,3,65,0,4,1,16.09
Student_0578,23,Female,Computer Science,MCA,6.8,2,3,75,34,69,34,13,2,94,1,1,1,13.42
Student_0579,20,Male,Civil,BCA,9.05,3,1,50,35,44,99,10,3,40,0,0,1,14.23
Student_0580,20,Male,Electrical,M.Tech,6.66,0,5,82,54,34,41,10,1,98,0,0,0,0.0
Student_0581,23,Female,Electronics,B.Tech,6.08,1,0,65,64,92,85,11,1,71,1,0,0,0.0
Student_0582,20,Male,Mechanical,B.Tech,8.2,1,4,46,50,68,88,13,5,82,1,1,1,12.71
Student_0583,20,Male,Civil,M.Tech,7.18,2,1,99,43,70,65,17,2,34,1,2,1,15.68
Student_0584,21,Male,Civil,M.Tech,9.44,1,4,95,51,34,86,4,5,72,0,2,1,17.06
Student_0585,23,Male,Computer Science,MCA,6.87,3,2,69,64,44,91,1,5,56,0,1,1,14.03
Student_0586,22,Male,Civil,B.E,8.25,1,1,32,50,35,81,1,4,92,1,3,0,0.0
Student_0587,20,Male,Electrical,B.Tech,8.48,3,1,58,70,98,79,9,3,85,0,4,1,16.0
Student_0588,23,Female,Civil,B.E,6.88,3,1,65,56,83,57,12,5,90,1,1,1,14.37
Student_0589,23,Female,Electronics,B.E,6.66,0,5,95,95,68,50,18,0,92,0,3,1,14.52
Student_0590,23,Male,Mechanical,B.Tech,8.14,3,4,81,99,77,90,10,2,80,1,2,1,15.25
Student_0591,23,Female,Information Technology,BCA,7.97,3,4,45,75,41,45,12,4,47,1,3,1,14.12
Student_0592,20,Male,Mechanical,B.E,5.99,0,3,65,68,99,59,23,0,49,0,0,0,0.0
Student_0593,23,Female,Information Technology,B.Tech,6.27,1,2,42,32,66,65,17,1,90,0,3,0,0.0
Student_0594,21,Male,Electronics,B.E,5.0,3,5,63,73,66,57,16,0,72,0,3,0,0.0
Student_0595,23,Female,Information Technology,B.E,8.0,3,1,67,56,97,56,8,2,92,0,3,1,15.9
Student_0596,22,Male,Electronics,MCA,7.14,1,5,65,50,36,71,3,3,85,0,4,1,12.65
Student_0597,23,Female,Electronics,B.Tech,7.24,2,2,59,85,59,53,22,2,72,1,3,0,0.0
Student_0598,22,Male,Computer Science,B.E,5.71,0,2,60,32,36,99,13,0,40,1,4,0,0.0
Student_0599,22,Female,Civil,B.E,6.3,2,2,85,48,59,42,1,2,98,0,3,1,12.22
Student_0600,22,Male,Electronics,B.E,6.92,2,4,65,84,48,57,11,5,47,1,2,1,14.62
Student_0601,23,Female,Electrical,B.Tech,6.73,1,4,32,94,62,89,2,0,47,1,4,1,12.97
Student_0602,22,Male,Information Technology,MCA,7.52,1,4,81,66,79,63,23,4,40,0,3,1,12.47
Student_0603,20,Female,Civil,MCA,7.98,3,0,73,67,49,79,12,1,34,1,2,1,15.07
Student_0604,23,Female,Information Technology,B.E,9.67,1,0,78,97,33,75,18,0,56,1,2,1,14.09
Student_0605,22,Other,Mechanical,B.E,7.38,1,5,79,36,41,53,11,0,89,0,1,0,0.0
Student_0606,21,Male,Electronics,B.Tech,8.52,1,5,42,63,80,82,0,0,90,1,3,1,13.77
Student_0607,22,Male,Electronics,B.E,6.57,1,0,98,46,70,46,15,2,64,0,2,0,0.0
Student_0608,23,Male,Mechanical,B.Tech,5.73,1,5,99,63,98,82,15,2,52,0,0,1,14.72
Student_0609,23,Male,Civil,M.Tech,7.05,2,1,40,93,92,38,5,3,54,1,2,0,0.0
Student_0610,23,Female,Information Technology,B.Tech,5.8,3,5,45,71,41,78,17,0,94,0,4,1,13.85
Student_0611,21,Other,Electrical,M.Tech,7.41,2,5,47,99,81,37,5,3,33,0,1,0,0.0
Student_0612,23,Other,Information Technology,B.Tech,6.62,0,3,97,65,36,90,16,4,34,1,3,1,15.77
Student_0613,21,Male,Information Technology,M.Tech,5.45,1,1,95,90,36,73,17,0,34,0,2,0,0.0
Student_0614,22,Female,Information Technology,B.E,9.14,2,4,48,41,85,32,3,4,92,0,1,1,13.64
Student_0615,22,Female,Electrical,B.Tech,6.86,2,0,74,52,58,37,7,0,36,1,1,0,0.0
Student_0616,20,Female,Computer Science,B.Tech,5.76,3,2,47,49,99,43,3,2,95,0,4,0,0.0
Student_0617,21,Male,Electronics,BCA,8.3,1,3,32,83,30,97,17,3,42,1,0,1,13.46
Student_0618,20,Male,Electronics,B.E,6.67,1,0,46,65,65,71,5,5,68,1,3,1,12.27
Student_0619,20,Female,Civil,B.Tech,8.49,2,2,35,45,51,49,15,3,97,1,4,1,12.8
Student_0620,21,Male,Electronics,B.Tech,6.67,0,4,89,42,98,49,10,2,38,0,0,1,14.1
Student_0621,21,Male,Electrical,B.Tech,6.86,2,0,84,56,76,31,1,5,49,0,3,0,0.0
Student_0622,20,Other,Civil,B.E,7.74,3,2,42,40,84,44,21,1,80,1,3,1,13.47
Student_0623,21,Other,Civil,B.E,7.99,2,0,69,78,50,89,17,1,87,0,1,1,15.38
Student_0624,22,Female,Civil,B.Tech,8.17,1,3,44,89,92,71,6,2,93,0,0,1,13.15
Student_0625,20,Female,Computer Science,B.E,7.31,3,0,69,97,88,55,21,0,31,0,4,1,16.21
Student_0626,21,Male,Electronics,M.Tech,7.93,2,1,92,46,84,31,17,0,84,0,0,0,0.0
Student_0627,21,Male,Mechanical,BCA,8.15,2,3,91,60,63,54,19,2,52,0,4,1,15.14
Student_0628,22,Male,Information Technology,B.Tech,7.6,3,1,88,65,94,56,4,0,69,0,3,1,14.01
Student_0629,21,Female,Computer Science,B.Tech,7.26,0,1,46,64,76,38,0,3,93,1,4,0,0.0
Student_0630,22,Male,Computer Science,B.Tech,5.95,3,5,43,61,34,72,1,3,93,1,1,0,0.0
Student_0631,21,Female,Civil,B.Tech,8.0,2,4,41,45,91,76,12,2,42,0,0,0,0.0
Student_0632,21,Male,Mechanical,B.Tech,7.44,2,0,38,37,31,99,18,2,62,0,3,1,12.84
Student_0633,21,Female,Information Technology,B.Tech,6.99,0,5,72,58,77,55,21,0,49,0,1,0,0.0
Student_0634,20,Male,Civil,B.Tech,8.68,3,2,76,36,47,49,23,2,73,0,2,1,14.51
Student_0635,22,Male,Civil,M.Tech,5.97,0,0,91,34,92,87,14,0,87,0,2,1,11.24
Student_0636,20,Male,Civil,B.Tech,9.04,3,5,36,66,81,54,15,2,52,1,1,1,12.71
Student_0637,21,Male,Electrical,M.Tech,7.38,3,2,48,90,86,74,6,4,38,0,3,1,11.35
Student_0638,23,Female,Electrical,B.Tech,7.72,1,1,80,67,78,81,0,5,34,0,2,0,0.0
Student_0639,23,Male,Information Technology,B.E,7.0,1,0,77,31,69,91,4,1,33,0,3,1,15.45
Student_0640,22,Male,Civil,B.Tech,5.73,0,5,59,88,90,52,1,1,55,0,3,0,0.0
Student_0641,23,Female,Electronics,BCA,7.26,1,1,40,77,50,73,16,4,97,1,3,0,0.0
Student_0642,23,Female,Electronics,BCA,7.73,0,3,63,51,66,39,12,5,47,1,1,1,13.97
Student_0643,21,Male,Mechanical,B.Tech,8.08,3,1,42,49,50,84,18,1,58,0,3,1,14.48
Student_0644,23,Male,Mechanical,B.E,7.2,2,5,67,92,37,33,3,5,77,0,1,1,12.67
Student_0645,21,Male,Electronics,B.Tech,5.21,0,4,93,63,91,78,21,1,76,1,4,0,0.0
Student_0646,21,Female,Electrical,B.E,5.86,3,3,43,39,64,44,17,3,48,0,4,0,0.0
Student_0647,22,Male,Information Technology,B.Tech,9.45,0,2,38,49,33,62,21,1,38,0,2,0,0.0
Student_0648,23,Male,Computer Science,B.Tech,6.31,2,3,81,48,87,35,15,1,40,0,0,0,0.0
Student_0649,23,Male,Computer Science,B.Tech,8.83,0,2,31,58,95,78,8,5,45,0,4,1,14.7
Student_0650,21,Female,Civil,MCA,6.47,0,5,98,54,76,63,15,2,36,1,2,0,0.0
Student_0651,22,Male,Electronics,B.Tech,7.22,0,4,84,68,52,76,14,0,62,1,4,1,14.82
Student_0652,20,Female,Electronics,B.E,8.03,1,0,58,52,90,54,4,4,75,1,0,0,0.0
Student_0653,23,Male,Mechanical,B.Tech,6.58,2,4,55,74,81,30,2,0,77,1,1,1,11.29
Student_0654,22,Female,Electronics,B.Tech,8.99,3,1,57,64,49,70,15,0,93,1,1,1,13.0
Student_0655,22,Male,Mechanical,B.Tech,7.48,3,1,57,95,53,78,2,5,50,0,4,1,14.43
Student_0656,23,Male,Computer Science,MCA,7.86,2,2,88,87,99,76,2,2,75,1,2,1,17.36
Student_0657,22,Male,Computer Science,BCA,7.13,2,1,85,53,96,48,1,0,91,0,0,0,0.0
Student_0658,20,Female,Electrical,B.Tech,8.06,1,5,44,32,77,80,14,5,31,1,3,1,14.36
Student_0659,21,Female,Electronics,M.Tech,8.98,1,5,42,70,32,67,22,1,84,1,0,1,12.3
Student_0660,20,Male,Information Technology,B.Tech,7.27,3,0,67,53,46,44,11,3,36,1,2,0,0.0
Student_0661,22,Male,Electronics,B.Tech,9.13,2,1,75,93,54,37,3,1,68,1,4,1,14.89
Student_0662,20,Female,Electronics,B.E,6.79,2,2,80,58,67,52,12,3,88,1,2,1,12.8
Student_0663,20,Male,Information Technology,B.Tech,8.16,0,4,51,50,90,31,11,4,62,0,2,1,12.79
Student_0664,22,Male,Information Technology,B.Tech,7.89,1,3,63,53,89,80,14,4,69,1,0,1,14.92
Student_0665,22,Male,Civil,M.Tech,6.33,2,4,37,90,49,31,10,2,73,0,2,0,0.0
Student_0666,22,Female,Computer Science,B.Tech,7.61,1,0,61,37,37,33,12,3,70,1,4,1,13.53
Student_0667,23,Female,Information Technology,MCA,7.41,2,3,78,97,49,41,7,5,81,0,4,1,13.39
Student_0668,23,Female,Electronics,M.Tech,6.55,3,1,51,46,46,52,21,5,90,0,4,1,14.24
Student_0669,20,Female,Mechanical,BCA,7.76,0,1,52,89,92,31,12,4,39,1,1,0,0.0
Student_0670,23,Male,Electrical,B.E,7.55,3,4,62,68,30,74,7,2,59,0,0,0,0.0
Student_0671,22,Male,Electrical,MCA,7.33,3,0,90,69,88,39,0,3,89,1,1,1,14.74
Student_0672,22,Male,Information Technology,B.Tech,7.33,1,0,72,44,75,86,16,5,56,0,1,1,15.54
Student_0673,20,Male,Mechanical,B.E,7.31,3,2,94,80,37,69,9,1,64,0,0,1,15.74
Student_0674,22,Male,Computer Science,B.E,7.03,0,4,34,75,77,35,5,4,81,0,3,0,0.0
Student_0675,22,Male,Mechanical,MCA,7.54,1,3,89,63,70,58,11,4,95,0,2,1,14.82
Student_0676,22,Male,Computer Science,B.Tech,6.76,0,0,33,62,30,39,11,2,47,0,3,0,0.0
Student_0677,20,Female,Computer Science,B.E,10.0,2,4,52,71,45,98,19,5,96,0,0,1,16.89
Student_0678,22,Male,Civil,BCA,5.99,3,2,59,63,54,71,13,2,79,1,3,0,0.0
Student_0679,23,Male,Information Technology,B.Tech,6.82,2,4,46,98,45,86,16,5,32,1,0,1,11.54
Student_0680,22,Female,Electronics,MCA,6.89,2,1,99,32,70,56,15,3,90,0,3,0,0.0
Student_0681,20,Female,Computer Science,B.Tech,9.44,0,5,92,47,73,40,20,0,56,1,4,1,15.88
Student_0682,23,Female,Civil,B.Tech,6.08,3,1,69,89,41,46,0,4,49,0,1,1,11.96
Student_0683,23,Female,Civil,B.E,7.83,0,5,61,85,38,59,9,4,66,1,1,1,13.2
Student_0684,20,Female,Mechanical,B.Tech,7.65,2,2,83,54,75,83,17,1,70,1,2,1,15.0
Student_0685,23,Male,Electrical,B.Tech,7.73,2,4,79,65,62,60,3,4,67,1,2,1,14.52
Student_0686,21,Male,Electronics,B.Tech,8.64,3,3,63,31,48,95,10,3,33,0,2,1,13.94
Student_0687,22,Female,Information Technology,B.Tech,8.62,3,0,87,42,47,55,9,5,87,0,0,1,15.55
Student_0688,21,Male,Computer Science,BCA,6.95,2,0,43,96,32,46,19,1,53,0,1,0,0.0
Student_0689,23,Male,Information Technology,MCA,7.59,2,2,49,75,89,64,23,1,39,1,2,1,15.02
Student_0690,23,Male,Information Technology,B.E,5.54,1,1,31,32,88,37,2,0,69,1,3,0,0.0
Student_0691,23,Male,Information Technology,B.Tech,7.5,2,3,38,85,68,76,5,4,73,0,3,0,0.0
Student_0692,23,Male,Information Technology,B.E,6.61,2,0,43,58,54,37,18,5,37,0,3,0,0.0
Student_0693,23,Male,Mechanical,MCA,7.21,2,3,73,69,45,74,4,4,95,0,2,1,14.43
Student_0694,20,Female,Computer Science,M.Tech,5.71,2,1,89,89,51,56,11,2,72,1,2,1,11.5
Student_0695,21,Female,Mechanical,B.Tech,7.8,1,1,71,88,94,54,22,5,99,0,1,1,13.33
Student_0696,22,Male,Electronics,B.Tech,5.7,0,2,61,39,36,72,23,1,76,1,1,0,0.0
Student_0697,22,Female,Civil,MCA,7.55,0,3,48,55,87,79,22,4,30,1,1,0,0.0
Student_0698,20,Male,Mechanical,MCA,6.17,1,2,37,49,51,95,3,3,44,1,2,0,0.0
Student_0699,20,Female,Electrical,B.Tech,6.55,1,2,70,93,48,50,3,5,98,0,0,0,0.0
Student_0700,22,Female,Electronics,BCA,8.55,2,2,39,84,86,86,4,5,69,1,1,1,12.78
Student_0701,22,Male,Information Technology,B.Tech,7.99,3,2,85,75,97,88,18,2,38,0,0,1,14.23
Student_0702,20,Female,Mechanical,B.Tech,8.55,2,2,58,34,99,99,4,0,35,0,2,1,13.02
Student_0703,20,Other,Mechanical,BCA,8.96,3,5,54,86,48,97,10,0,67,1,2,1,14.09
Student_0704,20,Female,Electronics,B.E,6.63,2,3,31,69,71,85,19,4,71,1,0,1,14.34
Student_0705,22,Other,Mechanical,B.Tech,8.9,3,2,46,49,50,50,11,2,47,1,0,0,0.0
Student_0706,20,Female,Electronics,MCA,5.93,3,4,30,60,43,78,22,0,43,1,2,0,0.0
Student_0707,22,Male,Information Technology,BCA,8.15,0,3,80,61,57,84,11,4,72,0,1,1,15.63
Student_0708,21,Female,Information Technology,B.Tech,6.91,2,5,64,50,34,50,9,3,60,1,4,1,12.35
Student_0709,21,Female,Electrical,B.E,6.47,2,3,85,93,41,86,23,0,32,0,0,0,0.0
Student_0710,22,Female,Civil,BCA,8.01,3,1,69,94,71,79,13,4,34,1,2,1,15.62
Student_0711,22,Male,Computer Science,B.E,8.34,2,3,96,33,78,64,4,3,46,1,4,1,15.04
Student_0712,22,Female,Electrical,MCA,8.32,0,4,84,95,48,90,15,5,69,0,0,1,15.29
Student_0713,23,Male,Civil,M.Tech,7.61,0,1,40,58,69,36,18,5,51,0,2,1,13.56
Student_0714,23,Female,Computer Science,B.Tech,7.53,0,1,38,85,83,77,20,5,31,0,2,0,0.0
Student_0715,23,Male,Civil,B.Tech,7.93,0,3,92,84,92,85,0,5,94,0,2,1,14.28
Student_0716,22,Female,Mechanical,BCA,7.7,0,5,48,71,69,32,2,4,78,1,4,1,12.01
Student_0717,21,Female,Electrical,MCA,7.94,3,2,83,82,46,58,15,4,70,0,2,1,14.2
Student_0718,20,Male,Electronics,B.Tech,7.6,1,3,74,77,79,66,17,3,47,0,1,1,12.81
Student_0719,22,Male,Mechanical,B.Tech,8.24,2,3,79,89,41,44,15,4,79,0,1,1,13.31
Student_0720,20,Male,Information Technology,BCA,5.77,3,3,48,59,39,91,9,5,96,0,3,1,13.92
Student_0721,23,Female,Information Technology,B.Tech,7.27,2,0,51,81,55,73,18,0,77,1,1,0,0.0
Student_0722,23,Female,Mechanical,B.Tech,6.02,1,2,68,98,53,49,13,0,50,1,3,0,0.0
Student_0723,20,Male,Civil,MCA,7.68,1,5,31,96,40,60,22,2,57,1,1,1,11.75
Student_0724,23,Male,Electrical,BCA,9.04,3,5,51,40,33,37,8,1,95,0,0,1,14.28
Student_0725,20,Male,Civil,MCA,6.93,2,4,65,64,96,36,18,3,30,0,2,1,11.84
Student_0726,22,Male,Mechanical,M.Tech,7.53,3,0,44,65,77,82,3,1,45,0,1,0,0.0
Student_0727,20,Female,Mechanical,B.Tech,8.16,0,2,50,73,80,98,17,4,37,1,1,1,13.25
Student_0728,21,Female,Electronics,MCA,5.33,0,0,98,75,34,49,17,5,74,0,1,0,0.0
Student_0729,22,Male,Civil,B.Tech,6.88,0,1,50,89,85,47,6,1,62,1,0,0,0.0
Student_0730,22,Female,Information Technology,B.Tech,7.76,2,5,93,67,55,77,1,4,39,1,1,1,16.74
Student_0731,21,Male,Information Technology,MCA,5.0,2,2,94,79,82,65,23,0,95,1,4,1,13.66
Student_0732,23,Female,Electrical,M.Tech,6.42,1,1,77,92,64,39,1,4,68,1,1,0,0.0
Student_0733,23,Male,Mechanical,MCA,8.5,1,4,40,37,46,76,11,4,47,0,3,1,15.18
Student_0734,20,Female,Electronics,B.Tech,8.4,2,4,44,74,48,44,0,4,96,1,2,1,12.31
Student_0735,22,Female,Electrical,MCA,7.77,3,3,95,55,39,38,10,2,78,0,0,0,0.0
Student_0736,22,Male,Electrical,B.E,8.28,3,4,30,93,88,62,19,0,39,1,4,1,16.33
Student_0737,21,Female,Information Technology,M.Tech,7.62,1,4,65,68,60,81,12,5,87,1,4,1,15.66
Student_0738,22,Other,Mechanical,MCA,7.96,2,3,71,72,84,66,5,0,34,0,1,1,13.97
Student_0739,23,Male,Electronics,B.Tech,7.08,0,5,88,82,88,75,9,2,93,1,0,1,14.12
Student_0740,23,Male,Civil,M.Tech,7.52,3,1,92,46,41,46,2,1,57,1,4,1,12.85
Student_0741,23,Female,Electrical,B.E,6.77,0,2,49,68,53,64,14,5,50,0,0,0,0.0
Student_0742,22,Male,Mechanical,BCA,8.66,1,3,65,84,38,79,0,3,33,0,4,1,13.52
Student_0743,21,Male,Civil,MCA,8.92,2,4,74,84,30,66,8,3,95,0,0,1,14.66
Student_0744,23,Male,Mechanical,M.Tech,8.78,3,2,97,45,99,46,1,1,69,0,4,1,14.83
Student_0745,21,Female,Electrical,B.Tech,6.99,0,2,68,88,76,96,5,4,72,0,4,1,14.21
Student_0746,22,Male,Electronics,B.Tech,6.45,2,0,38,41,61,34,1,1,89,0,1,0,0.0
Student_0747,21,Male,Electronics,MCA,8.68,0,3,94,48,44,93,22,4,65,0,1,1,13.35
Student_0748,21,Female,Electronics,MCA,7.94,0,0,65,89,71,80,18,5,50,0,0,0,0.0
Student_0749,20,Male,Electrical,MCA,7.73,1,2,42,73,67,37,22,1,84,0,3,0,0.0
Student_0750,23,Female,Mechanical,B.Tech,6.77,2,2,43,67,45,47,16,4,67,1,1,0,0.0
Student_0751,20,Male,Computer Science,B.Tech,7.83,1,4,44,68,31,55,11,1,46,0,3,0,0.0
Student_0752,20,Female,Computer Science,BCA,6.31,3,2,80,97,62,97,4,5,89,0,3,1,14.45
Student_0753,23,Female,Mechanical,BCA,8.03,2,0,96,45,65,66,23,5,86,0,2,1,15.37
Student_0754,22,Male,Civil,B.Tech,8.78,1,3,60,50,85,48,22,1,47,0,1,0,0.0
Student_0755,21,Female,Electronics,B.E,9.03,1,1,36,64,57,94,9,1,75,1,1,0,0.0
Student_0756,22,Male,Mechanical,B.Tech,8.11,1,2,92,89,36,38,5,0,94,1,2,0,0.0
Student_0757,21,Male,Civil,B.E,6.02,0,1,74,68,91,87,9,4,85,1,0,0,0.0
Student_0758,20,Male,Mechanical,B.Tech,7.6,2,0,69,80,58,88,9,5,43,1,2,1,13.98
Student_0759,22,Female,Electrical,B.Tech,9.54,3,5,34,87,80,57,22,0,89,0,3,1,13.85
Student_0760,20,Male,Mechanical,B.Tech,6.53,1,1,97,92,33,33,1,4,33,1,2,1,13.87
Student_0761,22,Male,Civil,MCA,7.34,1,3,35,62,32,92,15,4,73,0,1,0,0.0
Student_0762,23,Male,Civil,M.Tech,8.81,3,4,72,62,31,97,18,2,65,0,4,1,16.46
Student_0763,23,Male,Mechanical,MCA,8.02,2,2,71,35,85,56,18,1,32,0,2,1,12.47
Student_0764,21,Male,Computer Science,B.E,9.88,1,5,65,35,46,43,4,3,80,1,3,1,13.25
Student_0765,23,Male,Electronics,B.Tech,6.67,0,2,68,64,85,48,9,3,50,0,0,0,0.0
Student_0766,22,Male,Computer Science,B.Tech,6.41,3,5,57,82,96,39,8,4,89,0,4,1,14.08
Student_0767,21,Male,Mechanical,B.E,8.62,2,2,70,88,76,72,9,3,91,1,3,1,14.63
Student_0768,20,Female,Computer Science,B.Tech,6.2,2,0,55,58,99,66,2,0,71,0,4,0,0.0
Student_0769,21,Male,Mechanical,M.Tech,7.2,1,5,63,69,95,54,1,1,73,0,3,1,12.54
Student_0770,22,Female,Electronics,BCA,7.33,0,5,77,86,80,75,0,2,33,0,2,1,12.54
Student_0771,23,Male,Computer Science,MCA,8.44,1,5,81,52,86,73,23,2,92,1,2,1,15.34
Student_0772,20,Male,Computer Science,B.Tech,8.01,3,0,40,41,72,30,10,2,77,1,3,0,0.0
Student_0773,22,Male,Mechanical,B.E,7.86,1,5,99,94,45,58,5,5,56,0,2,1,15.71
Student_0774,23,Male,Computer Science,B.Tech,7.0,2,2,36,68,37,90,19,1,36,0,3,0,0.0
Student_0775,23,Male,Electrical,B.Tech,8.62,3,5,49,40,56,85,11,4,65,1,1,1,15.85
Student_0776,21,Female,Civil,M.Tech,10.0,0,5,54,47,63,89,8,2,93,1,3,1,13.4
Student_0777,20,Male,Civil,B.E,8.09,0,1,52,52,54,96,2,5,90,1,1,0,0.0
Student_0778,21,Male,Information Technology,M.Tech,7.5,0,2,54,44,37,34,9,5,36,0,2,0,0.0
Student_0779,23,Female,Civil,B.Tech,6.1,3,1,52,60,65,48,15,4,83,1,0,0,0.0
Student_0780,23,Male,Mechanical,MCA,6.76,2,1,60,86,64,62,14,4,35,1,4,1,15.02
Student_0781,22,Male,Electronics,MCA,7.19,3,3,83,81,96,65,9,3,56,1,3,1,13.81
Student_0782,20,Male,Computer Science,B.E,6.87,3,2,87,94,96,85,14,3,61,0,1,1,15.07
Student_0783,20,Male,Mechanical,MCA,7.38,1,3,54,88,73,80,18,3,31,0,0,1,11.7
Student_0784,21,Male,Civil,B.Tech,9.18,0,4,48,51,89,79,22,0,39,1,4,1,16.14
Student_0785,22,Female,Computer Science,M.Tech,8.65,1,1,77,34,51,41,12,5,91,0,0,0,0.0
Student_0786,20,Female,Computer Science,MCA,7.24,2,0,34,40,97,77,5,5,74,1,2,0,0.0
Student_0787,22,Male,Electronics,BCA,6.19,1,4,61,85,95,85,3,3,85,0,0,0,0.0
Student_0788,22,Female,Mechanical,BCA,8.74,0,1,45,53,38,82,3,5,69,0,3,1,14.99
Student_0789,20,Female,Electronics,B.E,7.35,3,1,72,80,79,70,0,2,61,1,1,0,0.0
Student_0790,20,Male,Electronics,BCA,5.67,1,3,35,62,62,36,13,0,31,0,2,0,0.0
Student_0791,21,Female,Information Technology,M.Tech,8.11,2,1,88,92,48,40,5,5,68,1,2,1,14.15
Student_0792,22,Female,Computer Science,B.Tech,8.43,3,1,48,65,58,82,5,3,83,0,1,1,16.29
Student_0793,23,Female,Computer Science,B.Tech,5.0,2,1,65,93,93,90,17,5,44,0,3,0,0.0
Student_0794,21,Other,Computer Science,BCA,6.58,2,3,70,47,94,87,7,1,64,0,2,0,0.0
Student_0795,21,Male,Civil,B.E,7.29,0,5,63,84,54,59,19,2,58,1,2,0,0.0
Student_0796,23,Male,Civil,B.E,8.13,2,5,61,66,62,71,3,4,90,0,1,1,14.06
Student_0797,21,Male,Electronics,MCA,6.88,3,4,48,43,66,42,8,0,41,0,2,0,0.0
Student_0798,21,Male,Computer Science,M.Tech,6.57,3,5,84,46,81,71,1,5,37,0,1,1,15.17
Student_0799,21,Male,Electronics,B.Tech,8.13,0,3,66,51,63,43,12,3,44,0,2,0,0.0
Student_0800,20,Other,Electrical,B.Tech,6.93,0,2,45,40,57,85,2,1,40,0,3,0,0.0
Student_0801,21,Male,Information Technology,B.E,7.94,0,4,48,95,94,84,5,4,89,1,2,1,15.23
Student_0802,22,Male,Electronics,BCA,6.29,3,1,60,44,56,33,17,5,48,1,0,0,0.0
Student_0803,23,Female,Mechanical,B.E,6.05,1,4,89,71,48,95,21,2,55,0,4,1,16.61
Student_0804,22,Male,Information Technology,B.E,8.16,2,5,97,69,52,85,13,3,48,0,3,1,17.16
Student_0805,23,Male,Electronics,M.Tech,7.65,1,2,57,67,53,56,23,4,87,0,4,1,15.84
Student_0806,22,Other,Electronics,M.Tech,8.32,2,3,57,73,68,61,18,0,76,0,0,1,12.87
Student_0807,20,Male,Electronics,BCA,6.87,3,4,39,94,76,35,18,3,63,1,4,1,10.72
Student_0808,21,Male,Civil,B.Tech,6.6,1,4,68,97,39,95,23,3,85,1,2,0,0.0
Student_0809,23,Male,Mechanical,BCA,8.76,3,1,46,91,92,37,2,1,34,1,4,1,12.81
Student_0810,20,Female,Computer Science,B.E,5.88,1,5,87,62,47,94,5,1,77,0,3,1,12.97
Student_0811,23,Male,Computer Science,B.Tech,8.65,0,3,67,80,38,75,10,3,55,1,4,1,12.2
Student_0812,22,Male,Electronics,M.Tech,8.72,0,0,45,43,76,94,14,4,56,1,0,0,0.0
Student_0813,21,Male,Electrical,M.Tech,8.26,1,0,94,91,44,55,23,2,41,0,2,1,12.17
Student_0814,23,Male,Computer Science,B.E,6.71,2,4,87,43,82,92,2,0,36,0,3,0,0.0
Student_0815,23,Female,Computer Science,BCA,6.58,3,2,51,37,96,59,5,4,78,0,2,0,0.0
Student_0816,20,Male,Civil,B.Tech,7.19,3,0,38,88,78,54,7,1,89,0,4,1,11.86
Student_0817,20,Other,Electronics,B.Tech,6.1,2,3,48,83,84,53,16,0,93,1,3,0,0.0
Student_0818,22,Male,Information Technology,B.Tech,6.44,1,3,56,39,64,96,22,1,47,1,0,0,0.0
Student_0819,23,Male,Information Technology,B.Tech,8.04,0,0,58,97,54,62,22,4,83,1,0,1,13.87
Student_0820,20,Female,Mechanical,M.Tech,8.05,3,2,87,37,72,63,17,4,37,0,3,1,13.9
Student_0821,22,Male,Mechanical,BCA,6.35,1,2,97,33,55,75,18,1,84,0,1,0,0.0
Student_0822,20,Male,Mechanical,M.Tech,8.08,3,4,82,96,91,68,9,3,69,1,1,1,15.89
Student_0823,22,Female,Information Technology,B.Tech,7.85,2,3,89,45,62,67,14,5,90,1,4,1,15.51
Student_0824,22,Male,Mechanical,B.Tech,8.91,3,0,38,46,64,56,4,4,34,1,0,0,0.0
Student_0825,20,Male,Electrical,B.Tech,7.97,3,3,40,85,77,41,12,4,84,1,2,1,14.45
Student_0826,22,Other,Information Technology,M.Tech,8.46,2,5,93,72,43,99,7,0,62,1,1,1,14.04
Student_0827,23,Male,Electronics,B.Tech,7.88,2,0,72,66,69,64,22,1,69,1,0,1,13.46
Student_0828,23,Male,Computer Science,B.E,8.38,0,5,46,99,82,98,8,0,67,0,1,1,14.0
Student_0829,20,Male,Mechanical,BCA,6.11,0,0,85,36,84,62,9,5,79,1,2,1,13.09
Student_0830,20,Male,Computer Science,M.Tech,7.28,2,3,42,94,45,71,9,2,71,1,2,0,0.0
Student_0831,20,Male,Information Technology,B.Tech,7.36,2,2,83,48,33,68,21,2,59,0,0,0,0.0
Student_0832,21,Female,Civil,B.Tech,7.16,2,4,91,73,43,97,22,3,60,1,3,1,14.9
Student_0833,20,Male,Computer Science,M.Tech,7.84,1,5,64,52,87,37,10,3,34,1,1,1,13.54
Student_0834,23,Female,Electrical,B.E,8.03,2,5,75,50,48,66,23,0,80,1,2,1,14.07
Student_0835,23,Male,Electronics,B.Tech,7.79,3,5,81,52,34,40,18,5,79,0,2,1,14.39
Student_0836,23,Male,Electronics,MCA,7.22,0,4,91,69,71,90,20,2,69,1,2,1,14.34
Student_0837,20,Male,Mechanical,B.E,6.66,1,1,70,91,91,67,21,5,80,0,2,1,12.81
Student_0838,20,Female,Mechanical,B.E,8.5,3,2,50,37,45,94,7,4,48,0,1,1,14.96
Student_0839,23,Male,Electronics,B.Tech,7.75,0,4,44,76,33,49,13,4,45,0,2,0,0.0
Student_0840,21,Male,Electrical,B.Tech,6.38,1,1,54,90,39,41,6,4,94,0,2,0,0.0
Student_0841,22,Female,Electrical,B.Tech,7.21,1,3,33,81,38,74,7,5,96,0,0,0,0.0
Student_0842,23,Female,Information Technology,B.Tech,5.66,2,3,78,98,44,40,11,1,89,0,3,1,11.93
Student_0843,20,Male,Civil,B.E,7.44,1,5,55,30,42,56,1,1,33,1,2,0,0.0
Student_0844,20,Female,Information Technology,B.E,7.2,3,0,79,55,74,51,5,4,68,0,1,0,0.0
Student_0845,20,Male,Electrical,MCA,6.83,0,0,34,59,45,45,19,1,81,1,0,0,0.0
Student_0846,20,Male,Information Technology,MCA,8.98,1,0,52,67,68,39,3,4,32,0,1,0,0.0
Student_0847,20,Male,Information Technology,B.Tech,6.24,2,3,57,52,58,75,14,0,97,0,2,0,0.0
Student_0848,23,Male,Civil,B.Tech,8.11,0,3,36,47,75,83,18,5,85,1,4,1,14.75
Student_0849,22,Male,Civil,BCA,9.59,3,3,88,89,75,57,6,2,51,0,3,1,15.59
Student_0850,23,Female,Computer Science,MCA,8.48,2,1,71,46,71,49,10,0,65,1,2,1,13.25
Student_0851,23,Male,Mechanical,MCA,7.37,3,1,89,96,92,41,21,3,93,1,0,1,11.74
Student_0852,23,Female,Electronics,B.Tech,6.27,1,2,86,32,43,77,20,1,89,0,1,0,0.0
Student_0853,20,Female,Mechanical,B.Tech,6.04,1,0,32,59,66,86,22,1,87,0,4,0,0.0
Student_0854,21,Female,Mechanical,B.Tech,6.99,3,4,90,72,57,68,15,2,98,0,0,1,12.72
Student_0855,23,Female,Electrical,BCA,6.71,0,0,34,98,67,60,21,3,82,0,3,0,0.0
Student_0856,20,Female,Electrical,B.E,6.68,1,4,90,83,39,75,9,0,95,0,2,0,0.0
Student_0857,20,Other,Mechanical,B.E,7.07,1,2,76,31,52,94,14,0,96,1,1,1,11.75
Student_0858,22,Male,Civil,B.E,7.3,1,5,87,82,95,99,16,2,31,0,4,1,13.31
Student_0859,23,Male,Electrical,B.Tech,7.89,1,4,64,52,86,43,23,2,75,1,1,1,12.98
Student_0860,23,Male,Information Technology,B.E,6.16,2,2,41,90,59,63,8,3,53,1,3,0,0.0
Student_0861,23,Male,Civil,B.Tech,6.72,0,4,40,84,37,91,20,4,64,1,0,0,0.0
Student_0862,20,Male,Civil,B.E,7.24,3,0,38,43,75,74,12,3,41,1,4,1,13.71
Student_0863,23,Female,Computer Science,M.Tech,7.2,3,1,86,55,51,87,2,0,77,0,0,0,0.0
Student_0864,23,Male,Electrical,M.Tech,9.24,0,2,67,87,53,99,15,5,88,1,1,1,14.03
Student_0865,22,Female,Civil,B.Tech,7.63,3,5,45,94,36,37,23,4,58,1,4,1,13.45
Student_0866,23,Male,Electronics,BCA,5.79,1,4,38,72,50,72,10,0,78,0,3,0,0.0
Student_0867,23,Male,Electronics,M.Tech,7.82,0,2,35,45,44,67,13,4,52,1,3,0,0.0
Student_0868,21,Male,Electronics,B.Tech,7.95,1,1,48,57,32,49,22,5,82,1,1,0,0.0
Student_0869,20,Male,Electrical,B.Tech,7.27,3,5,82,85,71,75,22,3,35,1,3,1,13.03
Student_0870,21,Male,Electrical,B.E,6.19,3,3,92,71,97,37,9,4,91,0,4,1,13.05
Student_0871,20,Male,Civil,B.Tech,9.16,2,0,72,44,38,64,18,5,56,0,3,1,13.25
Student_0872,20,Male,Mechanical,B.Tech,6.33,3,1,99,49,33,59,15,5,65,1,1,1,13.47
Student_0873,20,Male,Computer Science,B.Tech,8.06,1,5,57,43,37,57,15,5,86,1,4,1,14.02
Student_0874,22,Male,Electrical,B.Tech,7.6,3,5,53,62,68,72,17,1,32,1,0,1,14.11
Student_0875,22,Male,Computer Science,B.E,8.0,2,5,78,61,87,96,7,0,96,1,4,1,15.19
Student_0876,22,Male,Information Technology,B.E,9.11,0,0,39,67,51,96,7,3,73,1,0,1,13.03
Student_0877,22,Male,Computer Science,B.Tech,7.96,0,4,93,96,38,79,0,4,98,0,0,1,12.76
Student_0878,22,Male,Electrical,M.Tech,6.84,1,0,84,75,36,53,20,3,68,1,0,0,0.0
Student_0879,22,Male,Electronics,B.Tech,8.51,0,4,32,70,72,97,6,1,44,0,0,1,12.98
Student_0880,20,Male,Information Technology,B.Tech,6.77,1,5,43,55,54,99,16,5,70,1,3,1,14.81
Student_0881,23,Female,Computer Science,B.Tech,7.56,3,2,73,74,54,89,16,2,70,0,1,1,14.39
Student_0882,21,Other,Electronics,BCA,6.11,0,1,81,96,46,91,16,4,94,1,0,0,0.0
Student_0883,20,Female,Civil,MCA,6.37,2,4,45,30,92,87,20,3,70,1,1,1,11.61
Student_0884,23,Male,Electrical,B.E,7.45,3,0,82,54,56,83,20,5,58,0,4,0,0.0
Student_0885,22,Male,Mechanical,B.Tech,7.77,1,3,63,33,79,80,0,4,42,0,2,1,13.53
Student_0886,20,Male,Mechanical,B.Tech,5.7,2,1,77,44,81,74,20,3,52,0,3,0,0.0
Student_0887,20,Female,Electrical,B.Tech,7.9,1,2,59,34,34,75,4,5,70,1,1,1,13.86
Student_0888,20,Female,Electrical,BCA,6.58,1,4,61,71,47,57,15,0,55,1,2,0,0.0
Student_0889,21,Female,Information Technology,B.Tech,8.68,3,5,57,87,92,92,16,4,55,0,3,1,16.73
Student_0890,20,Female,Electrical,MCA,7.05,2,2,40,95,91,74,1,3,31,1,3,1,15.13
Student_0891,22,Male,Mechanical,B.E,6.28,1,1,43,46,58,72,6,4,95,1,0,1,11.57
Student_0892,22,Female,Electrical,B.E,7.48,3,5,41,78,40,81,21,1,88,0,3,1,12.61
Student_0893,23,Female,Computer Science,BCA,6.48,3,2,86,53,50,35,3,3,47,0,3,1,14.79
Student_0894,22,Male,Computer Science,B.Tech,8.67,3,1,59,52,96,94,5,1,39,0,0,0,0.0
Student_0895,22,Female,Electrical,BCA,7.4,3,5,56,72,77,70,1,0,88,1,1,1,14.11
Student_0896,22,Male,Civil,B.Tech,7.25,1,5,89,77,35,96,4,3,88,1,3,1,12.95
Student_0897,20,Other,Information Technology,BCA,7.99,1,1,92,70,80,37,15,0,92,1,0,1,13.91
Student_0898,20,Female,Electrical,B.E,6.4,0,0,46,36,40,46,20,0,68,1,3,0,0.0
Student_0899,22,Male,Computer Science,B.Tech,6.11,2,0,54,58,51,96,14,3,81,1,4,1,13.01
Student_0900,20,Female,Civil,BCA,7.81,3,3,58,49,63,78,6,5,81,0,2,1,15.88
Student_0901,20,Male,Information Technology,B.Tech,6.3,2,1,88,30,54,75,20,4,45,1,2,0,0.0
Student_0902,20,Female,Computer Science,B.Tech,6.3,2,3,77,32,78,58,8,0,66,0,0,0,0.0
Student_0903,23,Female,Civil,BCA,8.24,3,4,68,61,40,68,7,0,48,1,3,1,13.03
Student_0904,21,Female,Electrical,B.E,7.93,0,0,46,37,91,68,12,2,82,1,4,1,13.41
Student_0905,22,Female,Computer Science,MCA,6.15,1,5,56,81,71,43,3,2,97,1,4,0,0.0
Student_0906,21,Male,Computer Science,B.E,6.78,2,0,32,33,51,69,8,0,35,1,2,0,0.0
Student_0907,20,Male,Mechanical,B.E,6.5,0,0,79,46,96,66,19,1,35,0,0,0,0.0
Student_0908,21,Male,Computer Science,B.Tech,9.18,3,4,94,98,63,51,14,0,48,1,1,1,13.55
Student_0909,20,Male,Civil,B.Tech,8.31,0,3,85,79,59,53,23,3,38,1,1,1,11.86
Student_0910,23,Male,Electrical,MCA,6.98,3,5,51,69,31,83,18,3,30,1,0,1,14.42
Student_0911,20,Male,Civil,B.Tech,7.98,2,3,63,31,99,77,8,2,98,0,0,1,13.46
Student_0912,21,Male,Information Technology,B.E,6.04,3,2,97,33,89,62,18,3,70,0,2,1,15.62
Student_0913,23,Male,Information Technology,B.Tech,6.73,3,4,59,93,42,72,20,1,84,1,0,1,12.23
Student_0914,22,Female,Civil,B.Tech,7.5,2,4,88,85,96,46,15,5,69,1,0,1,13.7
Student_0915,21,Male,Computer Science,B.E,7.85,3,4,70,96,85,64,18,0,82,1,4,1,15.35
Student_0916,22,Female,Mechanical,BCA,7.3,1,2,64,86,59,69,12,3,78,0,3,1,13.64
Student_0917,23,Male,Electronics,BCA,7.65,2,5,70,30,94,47,21,1,41,1,4,1,11.59
Student_0918,21,Male,Civil,MCA,7.48,3,1,45,86,69,41,5,2,40,1,1,0,0.0
Student_0919,22,Male,Information Technology,B.Tech,7.24,0,2,59,62,78,66,10,3,64,0,1,1,12.94
Student_0920,23,Male,Civil,B.E,7.1,1,1,51,78,42,95,6,3,55,0,3,0,0.0
Student_0921,22,Male,Civil,B.Tech,6.97,0,1,83,58,37,62,2,5,88,0,3,0,0.0
Student_0922,21,Male,Information Technology,M.Tech,7.63,2,1,72,80,66,93,14,3,51,1,1,1,15.15
Student_0923,20,Male,Electronics,B.Tech,7.81,3,3,57,88,52,89,2,1,53,1,4,1,15.75
Student_0924,20,Male,Computer Science,B.E,7.6,0,4,87,98,98,82,5,3,67,0,3,1,15.63
Student_0925,23,Female,Electronics,B.Tech,6.22,2,2,61,67,35,92,18,3,43,0,1,0,0.0
Student_0926,22,Male,Information Technology,BCA,6.4,1,5,96,49,83,58,5,5,90,0,0,1,11.71
Student_0927,21,Female,Computer Science,BCA,7.8,3,2,72,72,72,83,20,3,30,1,0,1,15.26
Student_0928,21,Male,Mechanical,MCA,8.87,0,2,92,64,91,40,1,5,89,0,4,1,12.73
Student_0929,22,Female,Mechanical,B.Tech,7.55,0,0,99,44,99,52,10,3,73,0,4,1,15.36
Student_0930,22,Female,Computer Science,MCA,6.99,0,5,52,80,90,69,1,3,92,0,2,1,11.9
Student_0931,22,Female,Information Technology,B.Tech,7.62,1,0,48,35,56,32,1,1,50,0,3,0,0.0
Student_0932,21,Female,Computer Science,B.Tech,6.26,1,0,88,58,78,83,18,1,93,0,4,1,13.46
Student_0933,22,Male,Civil,B.Tech,8.71,3,5,46,78,41,94,1,0,90,1,0,1,13.3
Student_0934,21,Male,Electronics,B.Tech,7.59,1,3,82,94,64,37,21,3,61,0,4,1,12.7
Student_0935,23,Male,Computer Science,B.E,6.73,0,0,42,73,48,99,14,5,49,0,2,0,0.0
Student_0936,20,Female,Information Technology,B.Tech,7.23,2,2,90,98,47,36,11,0,43,1,2,1,12.64
Student_0937,20,Female,Electrical,B.Tech,6.87,0,3,78,88,69,38,22,5,40,0,0,0,0.0
Student_0938,21,Male,Information Technology,M.Tech,8.71,1,0,66,46,38,83,9,5,70,1,3,1,14.54
Student_0939,22,Female,Civil,BCA,7.2,2,4,61,89,69,77,9,2,97,0,3,1,13.34
Student_0940,22,Male,Electronics,M.Tech,7.56,1,4,74,53,58,95,9,1,69,0,0,1,13.72
Student_0941,21,Female,Information Technology,B.E,7.97,2,0,57,74,46,59,15,3,97,1,3,1,14.14
Student_0942,23,Female,Information Technology,B.Tech,6.66,1,3,57,44,69,70,20,5,82,1,0,0,0.0
Student_0943,21,Male,Computer Science,BCA,7.59,3,1,44,67,82,40,13,0,77,1,1,0,0.0
Student_0944,20,Female,Civil,B.Tech,7.67,1,4,41,77,72,78,6,2,80,0,3,0,0.0
Student_0945,20,Female,Electronics,B.Tech,5.85,3,2,92,93,36,99,21,0,94,1,3,1,15.13
Student_0946,23,Male,Electronics,B.Tech,7.65,2,1,82,96,69,71,14,3,90,0,0,0,0.0
Student_0947,20,Male,Computer Science,M.Tech,7.35,2,3,61,86,73,95,19,0,41,0,2,1,14.72
Student_0948,23,Male,Civil,B.Tech,7.53,0,2,88,69,77,57,10,1,70,1,1,1,12.38
Student_0949,21,Female,Information Technology,M.Tech,7.44,0,2,72,91,59,98,4,4,62,0,3,1,13.68
Student_0950,20,Male,Mechanical,B.Tech,7.66,2,5,71,37,36,67,22,4,91,1,4,1,14.94
Student_0951,21,Female,Electrical,B.E,8.74,1,3,37,99,38,40,16,1,44,0,3,0,0.0
Student_0952,22,Female,Civil,B.E,6.22,1,2,67,44,53,55,7,3,87,0,3,0,0.0
Student_0953,21,Male,Mechanical,B.Tech,7.06,3,1,37,58,74,64,20,1,63,0,2,0,0.0
Student_0954,23,Male,Electrical,B.Tech,8.07,1,3,77,93,81,34,0,3,95,1,2,0,0.0
Student_0955,22,Female,Information Technology,B.E,7.88,1,0,34,80,77,92,22,0,85,0,1,1,12.21
Student_0956,21,Female,Electrical,B.E,7.86,2,5,65,89,51,46,13,4,54,1,4,1,12.85
Student_0957,22,Male,Mechanical,B.Tech,10.0,3,0,55,78,60,77,14,0,89,0,1,1,15.86
Student_0958,23,Male,Electronics,M.Tech,8.01,3,4,39,72,33,94,0,3,43,1,4,0,0.0
Student_0959,21,Male,Information Technology,B.Tech,8.53,2,2,63,42,85,60,4,2,30,0,3,1,14.26
Student_0960,20,Other,Civil,B.Tech,7.09,0,4,44,99,54,72,17,1,65,0,4,0,0.0
Student_0961,21,Male,Electrical,B.Tech,6.41,0,2,47,74,65,66,13,3,57,1,3,0,0.0
Student_0962,23,Female,Civil,B.E,7.09,2,0,92,76,61,83,3,0,38,0,1,0,0.0
Student_0963,20,Male,Computer Science,B.Tech,8.11,2,5,54,59,50,32,15,3,99,0,1,1,13.53
Student_0964,23,Female,Electronics,M.Tech,7.81,0,4,58,96,41,55,17,3,32,1,0,0,0.0
Student_0965,22,Male,Civil,B.Tech,7.8,2,0,30,61,96,72,6,2,71,1,4,1,12.85
Student_0966,22,Male,Electronics,BCA,7.19,3,0,51,43,38,36,16,2,48,0,0,0,0.0
Student_0967,21,Female,Civil,B.Tech,7.03,0,3,54,42,96,90,23,2,50,0,4,1,13.84
Student_0968,23,Female,Civil,B.E,7.22,3,5,80,78,37,74,11,5,44,1,3,1,16.6
Student_0969,20,Male,Computer Science,BCA,8.12,1,3,38,82,36,30,5,4,57,1,0,0,0.0
Student_0970,21,Male,Mechanical,B.Tech,8.24,1,0,95,44,93,30,23,0,76,1,4,1,15.37
Student_0971,21,Male,Information Technology,B.Tech,6.39,2,4,38,78,96,41,21,1,52,1,0,0,0.0
Student_0972,21,Male,Electronics,B.E,8.16,0,2,75,99,92,76,10,0,80,0,0,0,0.0
Student_0973,21,Male,Electronics,MCA,6.75,0,3,30,67,84,66,10,1,61,1,2,0,0.0
Student_0974,20,Female,Civil,MCA,7.87,3,2,87,97,64,63,20,4,84,1,0,1,15.96
Student_0975,20,Male,Electrical,B.Tech,7.21,1,0,78,40,37,69,0,5,61,1,0,0,0.0
Student_0976,20,Female,Electronics,BCA,8.97,0,0,88,58,71,64,7,2,55,1,3,1,16.15
Student_0977,22,Male,Mechanical,B.Tech,6.98,2,3,95,68,66,54,13,4,65,0,4,1,13.62
Student_0978,21,Male,Mechanical,B.Tech,7.58,0,3,88,55,81,30,15,2,78,1,0,1,14.32
Student_0979,22,Female,Mechanical,M.Tech,8.01,3,1,73,37,32,31,15,2,62,0,3,0,0.0
Student_0980,22,Male,Mechanical,B.E,6.53,0,0,88,62,35,78,8,4,93,1,3,0,0.0
Student_0981,22,Female,Civil,B.E,7.33,2,4,36,53,71,82,20,1,66,1,0,1,14.91
Student_0982,22,Male,Electrical,BCA,7.13,1,0,75,44,89,46,15,1,50,0,0,0,0.0
Student_0983,22,Female,Civil,B.Tech,6.89,3,1,99,56,95,47,12,0,31,1,2,0,0.0
Student_0984,22,Female,Computer Science,M.Tech,6.96,2,2,56,59,69,58,22,1,57,1,3,0,0.0
Student_0985,22,Female,Electronics,B.Tech,8.51,3,4,98,91,55,75,2,0,33,1,1,1,14.07
Student_0986,22,Male,Electronics,B.Tech,6.8,0,5,65,64,63,71,17,4,32,0,2,1,12.53
Student_0987,21,Male,Mechanical,B.Tech,7.97,1,3,62,59,65,69,22,5,55,0,2,1,13.21
Student_0988,20,Male,Mechanical,MCA,7.71,3,5,51,57,73,32,15,2,50,1,3,1,11.5
Student_0989,23,Male,Civil,B.E,6.0,0,3,37,71,45,60,13,3,91,1,1,0,0.0
Student_0990,21,Male,Electronics,B.Tech,7.92,3,5,91,49,57,82,8,1,81,1,3,1,15.86
Student_0991,22,Male,Information Technology,M.Tech,5.99,3,1,80,91,67,71,6,0,85,1,4,1,12.98
Student_0992,20,Male,Electronics,MCA,8.03,2,0,58,59,89,86,13,3,68,0,2,1,14.1
Student_0993,21,Male,Electrical,MCA,6.89,0,4,97,59,86,78,21,0,37,0,3,1,15.22
Student_0994,22,Male,Information Technology,B.E,7.41,3,5,42,34,82,92,11,5,89,1,0,1,12.52
Student_0995,22,Male,Computer Science,B.Tech,6.11,3,4,84,91,45,70,2,1,64,0,4,1,16.48
Student_0996,22,Male,Electrical,B.E,7.52,1,2,61,62,58,69,11,4,60,0,1,1,12.52
Student_0997,21,Female,Information Technology,BCA,8.33,2,2,73,39,68,69,2,1,72,1,0,0,0.0
Student_0998,23,Male,Mechanical,MCA,6.59,0,0,32,41,97,48,22,0,41,1,2,0,0.0
Student_0999,22,Male,Civil,BCA,6.79,1,2,72,55,54,60,12,3,63,1,1,0,0.0
Student_1000,23,Male,Information Technology,B.E,7.85,0,4,77,84,94,41,5,1,72,0,2,0,0.0
Student_1001,22,Female,Electronics,B.Tech,7.88,2,0,98,36,82,60,14,2,78,0,4,1,14.24
Student_1002,22,Male,Information Technology,B.E,5.0,2,2,54,38,74,40,12,1,65,0,2,0,0.0
Student_1003,23,Female,Computer Science,B.Tech,9.42,2,1,35,69,79,64,12,5,99,0,1,1,13.57
Student_1004,20,Female,Computer Science,B.Tech,7.93,2,2,34,64,85,96,14,3,99,0,4,1,16.53
Student_1005,23,Male,Information Technology,B.E,8.1,3,4,40,97,78,61,22,4,36,1,1,1,13.26
Student_1006,23,Female,Electronics,M.Tech,7.26,0,5,50,82,77,81,20,3,35,1,4,1,13.55
Student_1007,22,Female,Mechanical,MCA,5.54,0,2,88,75,56,60,6,5,66,1,4,1,11.94
Student_1008,22,Male,Computer Science,BCA,8.07,0,4,43,53,59,93,5,2,87,0,2,1,12.21
Student_1009,22,Male,Electrical,MCA,6.83,3,4,40,73,71,44,23,5,65,1,3,1,12.91
Student_1010,21,Female,Civil,BCA,7.94,0,5,32,70,89,88,15,5,45,0,3,1,12.79
Student_1011,23,Other,Computer Science,M.Tech,7.18,0,4,56,49,75,80,0,5,69,0,4,1,13.63
Student_1012,20,Male,Electrical,B.Tech,7.64,0,3,72,55,99,92,12,4,96,0,2,1,12.46
Student_1013,21,Male,Computer Science,B.E,6.63,3,4,49,95,77,39,2,5,41,0,2,1,12.94
Student_1014,22,Female,Mechanical,B.Tech,8.26,2,1,64,67,58,92,0,4,61,1,1,1,16.32
Student_1015,23,Male,Electronics,B.Tech,6.21,3,4,47,63,70,93,4,1,74,1,2,1,12.24
Student_1016,21,Female,Mechanical,B.Tech,9.65,0,4,86,85,73,50,6,0,57,1,3,1,15.07
Student_1017,21,Male,Electrical,BCA,9.64,1,3,31,48,90,73,1,1,33,0,2,1,9.57
Student_1018,20,Female,Electrical,M.Tech,9.03,2,0,44,45,47,71,20,3,76,0,1,1,12.95
Student_1019,20,Female,Information Technology,MCA,8.68,0,3,69,99,47,33,10,0,81,0,2,0,0.0
Student_1020,20,Female,Mechanical,MCA,7.32,3,4,88,86,44,66,13,1,75,1,2,1,15.63
Student_1021,20,Female,Electrical,MCA,8.57,3,1,58,59,33,76,20,3,76,1,0,1,15.25
Student_1022,23,Female,Civil,B.Tech,7.3,0,4,34,96,77,44,20,1,75,1,3,0,0.0
Student_1023,23,Female,Electrical,MCA,5.85,3,5,68,56,97,55,19,4,53,0,4,1,13.83
Student_1024,23,Female,Electronics,BCA,8.9,1,3,48,77,72,70,4,5,31,0,1,1,15.13
Student_1025,20,Male,Information Technology,MCA,8.53,1,5,51,32,34,95,17,0,99,1,1,1,15.29
Student_1026,20,Female,Mechanical,B.Tech,7.37,3,5,94,78,55,34,23,3,44,1,0,1,13.13
Student_1027,21,Male,Civil,B.Tech,6.17,2,2,95,42,93,95,0,4,88,0,2,1,12.16
Student_1028,22,Female,Electrical,MCA,6.81,0,5,48,46,33,87,20,0,67,1,2,1,11.2
Student_1029,21,Female,Civil,B.Tech,5.58,3,5,71,86,72,89,20,4,67,1,4,1,14.99
Student_1030,21,Male,Civil,B.Tech,8.35,2,0,67,44,60,33,20,3,31,0,4,0,0.0
Student_1031,20,Male,Mechanical,B.E,5.8,0,5,97,63,94,69,9,3,99,1,3,1,13.17
Student_1032,22,Male,Information Technology,B.Tech,7.69,2,0,96,94,65,55,4,0,66,0,1,0,0.0
Student_1033,21,Female,Electronics,B.Tech,6.56,2,2,54,96,69,94,17,2,88,1,0,1,15.64
Student_1034,20,Male,Electronics,MCA,5.97,1,5,31,61,80,81,14,2,84,1,2,1,12.16
Student_1035,22,Male,Civil,MCA,7.64,1,4,30,35,87,75,17,0,39,1,3,0,0.0
Student_1036,23,Female,Mechanical,MCA,7.07,3,1,30,50,66,31,6,4,96,0,0,1,11.43
Student_1037,20,Female,Civil,B.Tech,8.24,0,3,84,73,80,91,4,3,71,0,2,1,15.55
Student_1038,21,Male,Computer Science,B.Tech,6.13,2,1,81,53,86,64,21,5,42,0,0,0,0.0
Student_1039,23,Male,Civil,B.Tech,6.64,3,1,87,80,66,41,12,0,70,1,1,0,0.0
Student_1040,22,Other,Mechanical,B.E,5.01,3,5,39,99,80,91,20,4,73,1,1,1,10.63
Student_1041,23,Female,Electrical,B.Tech,5.22,1,0,34,73,55,93,22,3,75,0,0,0,0.0
Student_1042,21,Female,Electronics,BCA,9.2,1,5,41,73,54,64,11,3,52,0,1,0,0.0
Student_1043,21,Male,Electronics,MCA,9.48,3,2,73,67,30,76,6,1,95,1,3,1,15.22
Student_1044,22,Male,Computer Science,B.E,7.49,1,0,30,43,76,72,21,4,46,0,4,1,13.66
Student_1045,20,Male,Civil,B.Tech,6.58,2,4,76,70,47,51,17,1,64,0,3,0,0.0
Student_1046,20,Female,Civil,B.Tech,7.1,2,0,92,95,86,82,15,4,88,0,1,1,17.2
Student_1047,22,Male,Electrical,B.Tech,8.27,2,1,40,78,96,99,22,2,35,1,4,1,13.64
Student_1048,22,Male,Computer Science,B.Tech,6.89,2,1,81,82,91,95,5,2,58,0,2,1,14.37
Student_1049,20,Female,Information Technology,B.E,7.64,1,4,68,90,49,78,8,3,63,0,1,1,13.06
Student_1050,22,Female,Electrical,B.Tech,7.39,1,2,96,57,75,55,0,0,84,0,4,1,15.08
Student_1051,21,Female,Computer Science,B.E,6.83,1,3,47,53,82,93,9,2,85,0,1,1,14.31
Student_1052,22,Male,Mechanical,BCA,6.87,2,0,45,97,65,94,10,1,85,1,3,1,12.79
Student_1053,23,Male,Electronics,B.Tech,7.69,3,4,31,62,65,30,10,5,55,0,0,1,14.41
Student_1054,20,Male,Electrical,B.Tech,6.42,2,4,79,81,60,53,3,2,64,1,1,1,12.07
Student_1055,23,Male,Electrical,B.Tech,7.85,2,1,90,74,51,68,19,0,31,0,4,1,15.78
Student_1056,21,Male,Electrical,B.Tech,6.93,1,5,31,38,70,70,11,0,87,1,1,0,0.0
Student_1057,23,Male,Information Technology,B.E,7.53,3,2,64,51,99,79,10,5,51,0,4,1,13.79
Student_1058,21,Female,Mechanical,BCA,8.78,1,4,80,52,45,65,20,0,62,0,2,1,14.59
Student_1059,21,Female,Civil,MCA,7.23,1,1,84,42,33,30,11,0,77,0,4,0,0.0
Student_1060,23,Other,Electrical,B.E,8.32,0,5,95,84,33,41,21,1,84,1,2,1,14.33
Student_1061,22,Male,Computer Science,B.Tech,5.61,1,1,80,97,70,83,5,1,36,1,2,1,11.97
Student_1062,20,Male,Electrical,B.Tech,6.93,2,3,94,97,48,78,20,0,83,0,1,1,14.53
Student_1063,22,Male,Electronics,B.Tech,7.43,0,0,99,43,62,75,23,5,56,0,1,0,0.0
Student_1064,23,Male,Computer Science,B.Tech,9.32,0,0,94,61,96,60,18,0,59,0,4,1,16.2
Student_1065,21,Male,Mechanical,MCA,5.44,3,0,60,46,35,49,21,4,39,0,2,0,0.0
Student_1066,23,Male,Civil,B.E,7.3,3,5,58,34,42,51,17,5,80,0,2,1,13.57
Student_1067,22,Female,Computer Science,B.Tech,8.86,1,1,59,73,44,78,14,3,63,1,1,1,13.9
Student_1068,21,Male,Computer Science,B.Tech,6.61,1,5,96,90,61,65,18,0,37,1,3,0,0.0
Student_1069,20,Female,Electrical,B.Tech,7.19,2,3,49,35,78,39,23,4,39,1,1,1,11.1
Student_1070,22,Male,Electrical,MCA,7.73,3,0,82,74,42,57,14,1,80,0,1,1,13.73
Student_1071,20,Male,Computer Science,B.Tech,7.58,1,2,73,32,37,87,16,2,37,0,0,0,0.0
Student_1072,23,Male,Electrical,B.Tech,8.97,0,2,34,89,36,71,1,1,66,1,4,0,0.0
Student_1073,22,Male,Electrical,B.Tech,7.85,1,1,64,34,86,90,23,4,78,0,0,1,11.95
Student_1074,21,Male,Electrical,BCA,8.73,1,3,43,60,32,65,18,3,93,0,4,1,12.34
Student_1075,20,Other,Information Technology,B.E,7.04,2,5,81,38,73,63,3,0,41,0,1,0,0.0
Student_1076,22,Male,Mechanical,B.E,6.66,0,5,61,58,70,96,6,2,50,1,0,0,0.0
Student_1077,20,Male,Electrical,B.Tech,7.17,2,3,54,60,37,65,5,4,40,1,4,1,14.11
Student_1078,21,Female,Electrical,B.Tech,6.24,0,5,34,67,68,39,7,5,91,1,3,0,0.0
Student_1079,23,Male,Mechanical,MCA,7.88,3,5,39,88,50,58,21,5,71,1,3,1,13.96
Student_1080,23,Female,Information Technology,B.Tech,7.01,2,0,83,99,66,75,11,0,98,0,2,1,13.84
Student_1081,23,Male,Computer Science,B.Tech,6.73,0,3,90,53,39,54,10,5,33,1,3,1,12.53
Student_1082,23,Female,Information Technology,B.E,7.9,3,4,50,94,76,58,18,3,79,1,0,1,12.97
Student_1083,22,Male,Computer Science,B.Tech,6.26,2,0,87,59,85,91,8,4,32,1,1,1,15.71
Student_1084,20,Male,Information Technology,B.Tech,8.17,2,3,68,38,30,60,21,2,37,1,2,1,13.01
Student_1085,23,Female,Computer Science,BCA,6.92,0,5,54,72,67,51,18,3,60,1,3,0,0.0
Student_1086,23,Female,Civil,B.E,8.56,0,1,61,80,75,37,6,1,55,0,2,0,0.0
Student_1087,23,Male,Mechanical,B.Tech,7.01,3,5,78,51,30,58,15,3,55,1,2,1,12.99
Student_1088,22,Female,Mechanical,B.Tech,8.03,1,5,93,71,80,83,11,1,34,0,3,1,15.84
Student_1089,20,Male,Civil,M.Tech,7.58,2,3,64,60,68,50,8,2,68,1,0,1,13.06
Student_1090,22,Male,Electronics,B.Tech,8.14,3,3,54,40,51,62,21,2,53,0,2,0,0.0
Student_1091,21,Male,Electronics,B.Tech,7.51,1,3,83,57,63,75,9,5,99,1,1,1,16.82
Student_1092,23,Female,Information Technology,B.E,5.74,1,2,66,59,77,94,2,3,85,1,2,0,0.0
Student_1093,21,Male,Electronics,B.E,8.41,3,2,57,53,75,86,9,3,60,1,0,1,12.56
Student_1094,21,Female,Information Technology,MCA,7.31,0,3,62,94,84,50,12,1,83,0,4,0,0.0
Student_1095,20,Male,Mechanical,B.Tech,8.19,1,2,67,57,32,41,3,2,70,1,4,0,0.0
Student_1096,23,Female,Electrical,B.Tech,8.09,3,4,39,73,85,76,17,2,64,1,4,1,13.01
Student_1097,23,Female,Mechanical,B.E,6.63,0,4,34,30,32,47,5,4,94,0,4,0,0.0
Student_1098,20,Male,Information Technology,B.E,6.49,1,2,76,51,75,57,2,1,71,1,3,0,0.0
Student_1099,21,Male,Civil,B.Tech,8.06,1,3,42,92,54,37,12,0,63,0,1,0,0.0
Student_1100,21,Male,Civil,B.E,7.1,0,1,67,92,34,84,3,3,69,1,0,0,0.0
Student_1101,21,Female,Electronics,B.Tech,8.34,0,1,84,98,78,41,18,4,84,0,3,1,14.57
Student_1102,23,Male,Information Technology,BCA,7.22,1,2,45,33,68,56,1,4,81,0,4,1,13.15
Student_1103,20,Male,Civil,BCA,8.42,3,0,56,90,76,58,10,4,68,0,1,1,13.01
Student_1104,21,Male,Information Technology,B.Tech,7.82,0,5,98,48,56,32,1,2,42,1,4,1,14.27
Student_1105,20,Female,Electrical,MCA,7.69,2,0,32,30,49,84,9,1,74,1,0,0,0.0
Student_1106,20,Male,Information Technology,MCA,7.03,1,1,82,36,73,73,22,3,60,1,1,0,0.0
Student_1107,23,Male,Electronics,B.Tech,7.63,3,1,41,82,45,67,15,0,95,1,3,1,14.81
Student_1108,23,Other,Civil,B.Tech,8.59,1,1,93,71,86,42,12,5,93,0,2,1,13.92
Student_1109,20,Male,Computer Science,B.E,7.35,3,2,58,70,77,33,3,4,30,0,3,0,0.0
Student_1110,22,Female,Information Technology,B.Tech,7.93,1,4,30,91,99,33,7,3,99,1,1,1,12.02
Student_1111,20,Male,Computer Science,B.Tech,7.45,3,5,80,36,31,73,9,1,93,0,3,1,14.67
Student_1112,20,Male,Electronics,B.Tech,7.52,3,1,40,35,70,82,13,1,93,0,1,0,0.0
Student_1113,21,Female,Mechanical,MCA,9.12,1,1,55,95,68,85,4,5,64,0,0,1,16.57
Student_1114,20,Female,Information Technology,B.Tech,8.6,2,2,65,72,90,86,23,0,48,0,2,1,14.57
Student_1115,21,Female,Electronics,BCA,7.48,0,1,82,84,59,57,15,0,72,1,2,1,10.33
Student_1116,23,Male,Civil,B.Tech,7.61,1,4,59,66,95,30,7,2,91,0,2,0,0.0
Student_1117,22,Male,Electrical,B.Tech,6.7,1,1,90,40,46,47,2,1,61,1,0,0,0.0
Student_1118,22,Male,Computer Science,MCA,7.23,3,2,63,66,89,85,14,4,98,1,2,1,13.74
Student_1119,21,Male,Mechanical,B.Tech,7.71,3,3,53,97,66,83,10,0,48,0,0,1,14.33
Student_1120,20,Male,Computer Science,B.Tech,8.25,3,2,53,38,96,65,16,4,89,0,4,1,12.12
Student_1121,20,Male,Mechanical,B.Tech,8.15,3,3,86,38,45,31,14,4,34,0,0,0,0.0
Student_1122,21,Male,Electrical,M.Tech,6.29,3,4,76,54,48,84,15,1,88,0,4,1,13.94
Student_1123,20,Male,Civil,B.Tech,8.38,3,3,38,61,69,87,20,3,96,1,0,1,14.64
Student_1124,23,Male,Information Technology,B.Tech,7.31,2,2,82,74,68,45,12,4,79,1,3,1,16.62
Student_1125,23,Male,Information Technology,B.Tech,6.41,0,5,59,41,40,86,17,5,73,1,1,1,12.78
Student_1126,23,Female,Civil,B.Tech,8.74,3,5,54,95,75,74,8,4,58,0,0,1,14.71
Student_1127,22,Female,Civil,B.Tech,8.86,0,5,36,40,58,92,22,5,91,1,1,1,16.5
Student_1128,22,Male,Information Technology,B.E,7.66,0,0,99,44,40,73,9,0,38,1,0,0,0.0
Student_1129,22,Female,Computer Science,B.Tech,8.11,3,5,33,97,65,36,16,3,50,0,3,0,0.0
Student_1130,21,Female,Electronics,B.Tech,8.17,0,5,99,56,78,75,23,4,39,1,4,1,13.8
Student_1131,22,Male,Mechanical,B.E,8.8,0,4,34,70,32,37,8,1,49,0,1,0,0.0
Student_1132,23,Male,Electronics,M.Tech,8.13,2,4,65,60,94,48,2,1,66,1,2,1,12.51
Student_1133,23,Male,Electrical,B.Tech,6.07,2,2,37,48,72,91,5,0,53,1,0,0,0.0
Student_1134,22,Male,Civil,B.Tech,9.41,0,4,64,65,48,97,5,5,59,1,2,1,15.21
Student_1135,20,Female,Civil,B.Tech,8.47,1,3,88,84,82,63,1,5,46,0,4,1,15.14
Student_1136,22,Other,Computer Science,MCA,6.89,0,4,71,30,89,50,13,0,54,0,2,0,0.0
Student_1137,21,Male,Electrical,B.Tech,6.37,1,2,68,91,96,57,6,1,64,1,4,0,0.0
Student_1138,22,Female,Civil,B.Tech,7.9,0,4,38,42,85,46,2,2,44,0,3,0,0.0
Student_1139,22,Male,Electronics,B.Tech,7.12,2,4,96,94,44,70,3,5,95,1,0,1,16.93
Student_1140,23,Female,Mechanical,B.Tech,7.73,1,5,56,97,41,59,6,4,92,1,0,0,0.0
Student_1141,21,Female,Civil,B.Tech,8.14,3,1,67,95,44,34,8,5,91,0,1,1,13.12
Student_1142,23,Male,Electrical,B.Tech,6.83,0,5,92,75,91,72,23,4,30,0,4,1,13.25
Student_1143,23,Male,Mechanical,B.E,6.28,3,1,74,93,51,75,16,3,64,0,0,0,0.0
Student_1144,21,Female,Computer Science,B.E,7.79,3,5,81,90,53,76,17,1,85,0,0,1,14.68
Student_1145,21,Other,Mechanical,M.Tech,6.87,1,0,42,74,92,96,16,3,54,1,4,1,14.62
Student_1146,22,Male,Civil,BCA,7.55,2,1,62,92,44,79,19,2,46,0,0,0,0.0
Student_1147,23,Male,Computer Science,B.Tech,6.06,1,3,67,53,58,77,7,5,72,1,1,1,15.72
Student_1148,22,Male,Civil,MCA,7.15,2,3,42,88,50,44,2,2,30,1,3,0,0.0
Student_1149,23,Female,Information Technology,M.Tech,8.11,3,4,56,94,51,62,12,4,72,0,0,1,12.77
Student_1150,21,Female,Electrical,BCA,8.01,2,2,88,74,71,60,0,1,61,0,0,1,15.87
Student_1151,22,Female,Mechanical,M.Tech,6.61,2,0,95,38,81,97,5,4,77,1,3,1,16.15
Student_1152,21,Female,Information Technology,B.Tech,6.23,3,3,87,44,48,63,18,2,77,0,0,1,14.11
Student_1153,23,Female,Computer Science,B.Tech,7.42,1,3,95,41,32,78,12,2,67,0,3,1,16.54
Student_1154,21,Female,Computer Science,B.Tech,7.96,0,3,99,67,74,67,16,4,70,0,2,1,15.31
Student_1155,22,Male,Civil,B.Tech,7.81,2,2,43,60,68,33,12,2,31,1,1,0,0.0
Student_1156,20,Female,Electronics,B.E,6.89,2,5,89,87,76,95,13,0,98,1,3,1,14.83
Student_1157,23,Male,Electrical,B.Tech,7.7,0,4,73,49,61,76,7,2,35,1,1,1,14.24
Student_1158,21,Male,Information Technology,B.Tech,8.9,2,1,90,41,84,46,5,5,98,1,4,1,16.22
Student_1159,21,Female,Electrical,MCA,7.61,0,0,74,73,73,34,6,5,98,0,2,1,12.47
Student_1160,22,Female,Electrical,M.Tech,5.77,1,1,38,39,83,95,19,3,80,1,3,0,0.0
Student_1161,21,Other,Computer Science,B.E,7.6,3,0,69,93,81,51,23,3,82,1,1,1,13.52
Student_1162,23,Male,Mechanical,B.Tech,9.44,2,4,83,35,64,31,1,1,32,1,4,1,14.75
Student_1163,22,Male,Electrical,B.E,6.11,2,3,38,64,52,73,12,4,96,1,1,0,0.0
Student_1164,22,Male,Information Technology,MCA,7.43,2,2,65,96,70,31,11,3,66,0,2,1,13.49
Student_1165,20,Male,Computer Science,M.Tech,7.17,0,3,75,68,74,45,13,0,53,1,4,1,13.29
Student_1166,20,Male,Electrical,B.E,7.5,3,4,62,86,70,92,5,5,76,1,4,1,15.54
Student_1167,21,Male,Electronics,B.E,7.59,1,4,85,59,66,32,0,5,67,0,3,1,13.89
Student_1168,23,Male,Computer Science,B.Tech,8.54,3,2,38,82,54,82,4,0,55,0,3,1,13.64
Student_1169,23,Female,Electrical,M.Tech,7.48,3,3,54,79,39,73,4,2,52,1,3,1,13.62
Student_1170,22,Male,Civil,MCA,8.68,0,3,96,65,59,51,1,4,38,1,2,1,12.37
Student_1171,22,Male,Computer Science,B.Tech,7.28,2,5,66,37,91,50,8,4,93,1,3,1,13.73
Student_1172,21,Female,Information Technology,B.Tech,7.05,0,4,42,97,80,63,16,1,76,1,2,0,0.0
Student_1173,20,Male,Computer Science,B.Tech,6.73,2,1,38,33,82,67,23,0,50,0,2,0,0.0
Student_1174,20,Female,Electrical,B.Tech,5.58,1,5,71,54,81,92,15,5,80,1,1,1,12.44
Student_1175,21,Female,Computer Science,MCA,7.68,0,2,95,74,94,48,4,5,78,0,1,1,11.69
Student_1176,21,Male,Civil,M.Tech,9.45,2,4,33,83,45,71,8,4,39,1,0,1,16.02
Student_1177,20,Female,Mechanical,B.Tech,7.86,3,5,37,67,80,78,7,3,42,1,3,1,13.58
Student_1178,21,Female,Mechanical,B.Tech,8.09,0,4,56,58,34,30,5,4,46,1,0,0,0.0
Student_1179,20,Female,Civil,B.Tech,6.99,3,0,44,58,47,92,23,2,37,1,0,0,0.0
Student_1180,22,Female,Electrical,B.Tech,7.16,3,1,38,98,32,99,15,4,87,1,1,1,15.7
Student_1181,23,Female,Computer Science,B.E,8.38,2,4,50,53,60,36,11,1,40,0,0,0,0.0
Student_1182,22,Female,Computer Science,BCA,9.41,3,0,74,89,39,48,10,0,86,1,3,1,15.16
Student_1183,21,Male,Computer Science,M.Tech,8.89,1,0,87,33,57,85,7,1,67,1,0,1,13.65
Student_1184,21,Female,Civil,B.Tech,8.21,2,1,51,76,39,86,10,1,38,0,2,0,0.0
Student_1185,21,Female,Mechanical,M.Tech,7.44,2,2,79,77,32,40,15,1,89,0,3,0,0.0
Student_1186,20,Female,Computer Science,M.Tech,7.61,2,0,87,77,63,94,22,2,42,1,2,1,16.18
Student_1187,22,Female,Information Technology,B.Tech,6.65,3,0,30,59,58,53,11,0,99,1,2,0,0.0
Student_1188,22,Male,Mechanical,B.E,5.95,3,2,89,78,59,50,4,2,30,0,1,0,0.0
Student_1189,20,Female,Civil,B.E,6.27,3,3,42,61,54,55,22,2,73,0,2,0,0.0
Student_1190,21,Other,Electronics,BCA,7.45,2,3,77,71,58,77,7,1,51,1,3,1,15.7
Student_1191,21,Male,Electrical,B.Tech,7.11,3,4,82,92,30,44,1,2,67,0,2,0,0.0
Student_1192,20,Male,Electrical,B.Tech,5.93,2,5,89,77,63,68,13,4,88,1,3,1,14.14
Student_1193,22,Male,Civil,B.E,7.36,2,0,58,81,89,35,18,2,85,1,4,1,13.31
Student_1194,22,Male,Electronics,B.Tech,7.08,0,4,76,97,39,40,6,0,49,0,1,0,0.0
Student_1195,22,Female,Electrical,B.Tech,6.23,1,0,31,45,40,83,6,4,34,1,0,0,0.0
Student_1196,22,Male,Civil,BCA,7.03,3,2,61,71,84,56,6,3,49,0,2,0,0.0
Student_1197,23,Male,Mechanical,B.Tech,7.08,1,2,97,76,65,85,19,2,86,0,1,1,12.92
Student_1198,23,Female,Electronics,B.E,6.78,2,4,41,78,48,81,22,0,66,1,0,0,0.0
Student_1199,22,Female,Civil,MCA,8.33,3,1,40,39,84,99,20,0,83,1,3,1,13.21
Student_1200,23,Female,Mechanical,B.E,5.5,1,5,79,83,52,39,5,0,64,1,3,0,0.0
Student_1201,21,Female,Information Technology,B.E,5.41,1,2,65,43,72,95,20,5,67,1,3,0,0.0
Student_1202,23,Female,Electrical,B.E,7.4,0,4,61,58,68,92,7,1,34,1,3,1,13.65
Student_1203,23,Female,Computer Science,B.Tech,7.5,0,5,47,79,41,60,20,2,31,1,2,0,0.0
Student_1204,22,Female,Civil,B.Tech,7.8,2,3,41,48,82,39,23,4,79,0,2,1,11.67
Student_1205,23,Male,Mechanical,M.Tech,6.86,2,0,81,38,73,39,17,3,44,0,1,0,0.0
Student_1206,22,Female,Mechanical,B.Tech,6.48,1,4,55,77,44,65,22,0,55,1,3,1,12.73
Student_1207,22,Male,Computer Science,B.Tech,7.39,1,2,84,49,83,30,3,5,55,0,4,0,0.0
Student_1208,21,Male,Electronics,B.Tech,6.96,0,2,61,87,73,36,15,1,74,1,4,0,0.0
Student_1209,23,Male,Electrical,BCA,8.95,3,2,57,92,89,67,1,4,95,1,2,1,14.4
Student_1210,22,Female,Information Technology,B.Tech,7.08,2,1,46,54,87,69,15,4,83,0,0,1,14.39
Student_1211,23,Female,Civil,M.Tech,7.35,0,1,76,81,52,90,8,3,74,1,4,1,14.4
Student_1212,21,Male,Electrical,B.Tech,9.88,2,5,49,45,95,98,23,0,88,0,2,1,15.76
Student_1213,23,Female,Electrical,B.E,7.21,1,1,93,95,32,48,11,3,65,0,3,1,14.57
Student_1214,20,Male,Mechanical,B.Tech,7.96,3,2,58,47,53,53,18,1,40,0,1,0,0.0
Student_1215,20,Female,Information Technology,B.Tech,8.05,1,4,87,91,72,43,7,5,64,0,4,1,14.78
Student_1216,22,Female,Civil,B.E,8.13,3,1,62,85,67,45,1,4,98,0,4,1,14.04
Student_1217,22,Female,Electronics,M.Tech,7.69,2,3,59,51,45,60,17,4,84,0,0,0,0.0
Student_1218,23,Female,Mechanical,B.Tech,7.59,0,5,61,87,43,99,5,4,54,0,2,1,11.47
Student_1219,21,Male,Civil,B.Tech,7.5,3,4,60,74,84,92,17,1,52,0,2,1,13.34
Student_1220,22,Male,Civil,B.Tech,6.82,2,0,63,76,91,93,11,0,94,0,3,1,13.76
Student_1221,22,Female,Information Technology,B.Tech,7.73,1,2,92,56,77,61,23,3,36,1,1,1,15.38
Student_1222,23,Female,Civil,B.E,9.43,0,0,79,46,67,76,8,3,95,1,0,1,15.06
Student_1223,22,Male,Mechanical,B.Tech,8.61,1,3,32,78,84,80,9,5,77,0,1,1,13.04
Student_1224,21,Male,Electrical,B.E,7.7,2,1,34,33,46,47,17,3,86,0,2,0,0.0
Student_1225,23,Male,Mechanical,B.Tech,8.26,0,5,31,54,97,62,18,4,53,1,1,1,11.98
Student_1226,20,Male,Electrical,B.E,6.53,1,1,78,39,38,68,3,2,75,0,2,1,12.03
Student_1227,23,Male,Electrical,B.Tech,7.14,2,5,44,30,70,56,17,0,52,1,1,1,9.65
Student_1228,20,Male,Electrical,B.E,8.35,2,2,56,30,53,63,11,0,31,0,3,0,0.0
Student_1229,21,Female,Civil,B.Tech,8.89,3,5,87,36,93,60,23,2,61,0,2,1,16.54
Student_1230,23,Male,Mechanical,MCA,6.63,0,1,39,95,47,34,15,0,98,1,0,0,0.0
Student_1231,22,Male,Computer Science,B.E,6.92,3,1,40,83,74,83,18,3,46,1,3,1,14.74
Student_1232,23,Male,Electronics,BCA,9.58,1,2,35,99,40,93,8,2,41,0,1,0,0.0
Student_1233,22,Male,Electronics,B.Tech,7.5,0,5,49,35,42,82,6,1,94,0,1,1,10.89
Student_1234,22,Female,Civil,B.Tech,9.22,3,4,36,99,59,95,18,3,93,1,3,1,14.72
Student_1235,21,Male,Mechanical,B.Tech,7.61,2,4,74,71,85,60,0,4,89,0,1,0,0.0
Student_1236,20,Female,Electronics,B.Tech,7.65,2,3,81,85,49,33,13,0,98,0,0,1,13.5
Student_1237,20,Female,Computer Science,M.Tech,7.09,1,4,42,90,78,48,23,2,99,0,1,1,12.69
Student_1238,21,Male,Civil,BCA,8.34,3,3,66,48,69,89,23,5,94,0,1,1,16.4
Student_1239,20,Female,Electronics,B.E,8.76,0,4,51,81,98,39,17,1,97,1,3,1,14.64
Student_1240,22,Female,Computer Science,B.E,6.36,0,5,35,75,51,68,11,4,82,0,3,0,0.0
Student_1241,23,Male,Information Technology,B.Tech,7.05,0,5,62,58,47,30,19,2,52,0,0,0,0.0
Student_1242,23,Male,Electrical,B.Tech,8.32,2,3,78,64,93,52,0,1,62,0,3,1,11.87
Student_1243,21,Female,Computer Science,BCA,7.27,0,2,45,44,53,37,19,5,56,1,3,0,0.0
Student_1244,23,Female,Electronics,B.Tech,6.91,3,3,85,42,45,37,4,2,65,1,0,0,0.0
Student_1245,23,Male,Mechanical,B.Tech,8.41,0,4,99,94,87,41,17,5,78,0,1,1,14.52
Student_1246,23,Female,Computer Science,MCA,8.5,2,5,33,81,86,67,8,3,46,0,3,1,13.62
Student_1247,21,Male,Computer Science,MCA,6.95,3,4,41,69,34,78,18,4,31,0,2,1,13.23
Student_1248,21,Female,Electrical,B.E,7.61,3,5,50,78,89,50,14,4,72,1,1,1,15.63
Student_1249,23,Male,Mechanical,B.Tech,6.19,1,4,89,58,74,87,22,5,99,1,3,1,13.7
Student_1250,20,Male,Information Technology,BCA,6.5,0,5,39,47,49,57,18,3,90,1,3,0,0.0
Student_1251,21,Female,Information Technology,B.Tech,7.52,3,4,62,95,67,81,21,5,30,1,2,1,16.73
Student_1252,20,Female,Electronics,B.Tech,7.43,1,5,67,99,46,67,3,0,71,0,0,0,0.0
Student_1253,23,Female,Civil,B.Tech,6.43,3,1,39,45,41,80,9,2,67,1,3,1,14.14
Student_1254,22,Male,Civil,MCA,6.68,0,5,32,86,39,98,10,2,59,1,0,0,0.0
Student_1255,20,Male,Information Technology,MCA,6.33,2,2,38,60,41,99,0,0,76,0,4,0,0.0
Student_1256,20,Female,Civil,M.Tech,7.86,0,4,33,79,70,71,0,5,59,0,0,0,0.0
Student_1257,22,Female,Electrical,B.Tech,5.43,1,2,65,37,86,97,0,4,93,0,0,0,0.0
Student_1258,22,Male,Information Technology,B.E,6.39,0,2,95,63,64,79,18,4,93,0,1,0,0.0
Student_1259,23,Female,Computer Science,B.Tech,5.54,3,4,54,38,31,48,10,3,75,0,1,0,0.0
Student_1260,21,Male,Electrical,MCA,7.82,2,3,47,87,60,95,18,3,62,1,1,1,15.04
Student_1261,23,Male,Mechanical,B.Tech,5.6,0,4,46,57,82,40,20,2,71,1,4,0,0.0
Student_1262,21,Male,Civil,B.Tech,7.43,1,0,98,48,88,62,0,4,93,0,1,1,14.82
Student_1263,23,Male,Information Technology,M.Tech,9.04,1,5,97,78,81,40,20,5,51,1,4,1,14.44
Student_1264,20,Male,Information Technology,B.E,9.07,2,2,75,96,55,84,5,1,90,1,0,1,15.9
Student_1265,20,Female,Information Technology,BCA,5.59,1,4,62,53,75,92,9,2,71,0,3,0,0.0
Student_1266,20,Male,Information Technology,B.Tech,7.7,1,1,41,80,34,87,23,0,34,0,0,0,0.0
Student_1267,21,Male,Electronics,BCA,6.41,3,3,95,78,58,37,7,5,82,1,1,1,14.31
Student_1268,23,Male,Computer Science,B.Tech,6.21,2,3,30,64,67,48,22,3,44,1,0,0,0.0
Student_1269,20,Male,Electrical,B.Tech,7.29,3,0,41,86,31,53,12,3,66,1,1,1,12.78
Student_1270,21,Male,Mechanical,B.E,8.63,3,2,77,38,31,38,0,1,96,0,2,0,0.0
Student_1271,20,Female,Electrical,B.Tech,8.0,3,3,42,91,86,67,19,0,84,0,4,1,13.81
Student_1272,23,Male,Mechanical,B.E,6.68,3,5,37,58,45,32,1,4,78,0,3,0,0.0
Student_1273,22,Female,Information Technology,B.Tech,8.11,2,5,71,33,38,72,15,5,34,0,3,1,14.18
Student_1274,23,Female,Mechanical,B.Tech,5.16,2,2,31,99,71,70,11,2,90,0,2,0,0.0
Student_1275,22,Male,Computer Science,M.Tech,6.65,2,3,48,84,49,71,3,4,53,1,1,1,13.67
Student_1276,22,Female,Civil,B.Tech,6.58,0,1,74,87,98,93,12,3,33,1,1,1,13.99
Student_1277,23,Female,Civil,M.Tech,7.48,3,5,42,40,96,85,8,3,97,0,0,0,0.0
Student_1278,20,Female,Computer Science,M.Tech,7.2,2,5,83,82,87,48,2,1,43,1,3,1,14.56
Student_1279,23,Female,Mechanical,B.Tech,7.26,3,5,36,78,51,70,13,3,52,0,3,1,11.94
Student_1280,22,Female,Mechanical,BCA,7.23,2,2,72,93,91,86,1,0,39,1,2,1,15.98
Student_1281,22,Female,Information Technology,B.Tech,7.42,1,2,35,56,47,89,12,1,73,0,2,0,0.0
Student_1282,21,Female,Computer Science,B.Tech,7.94,1,4,81,94,46,75,5,2,90,1,1,1,12.04
Student_1283,23,Male,Civil,B.Tech,7.55,3,4,82,79,98,35,19,1,66,1,4,1,12.63
Student_1284,21,Female,Information Technology,BCA,7.12,2,1,85,47,77,60,22,5,90,1,4,1,14.33
Student_1285,20,Female,Mechanical,B.E,7.8,3,3,49,44,36,90,22,0,95,1,2,1,14.73
Student_1286,23,Female,Information Technology,B.E,8.23,2,3,46,93,92,35,22,5,91,0,3,1,10.86
Student_1287,20,Male,Mechanical,MCA,6.84,2,2,98,75,41,71,2,0,41,1,1,0,0.0
Student_1288,20,Male,Computer Science,B.Tech,7.34,0,2,81,38,77,67,12,5,44,1,0,1,14.48
Student_1289,22,Male,Electronics,MCA,8.56,0,1,42,38,60,45,5,2,50,0,1,0,0.0
Student_1290,20,Male,Mechanical,M.Tech,6.3,2,2,32,87,31,54,2,5,74,1,4,1,13.2
Student_1291,23,Male,Electronics,MCA,9.2,0,1,54,41,85,98,9,3,90,1,2,1,15.36
Student_1292,21,Male,Mechanical,MCA,6.06,0,1,76,45,78,71,10,2,51,1,4,0,0.0
Student_1293,20,Male,Information Technology,MCA,7.05,3,1,56,73,91,95,7,0,76,0,1,1,12.56
Student_1294,23,Male,Electronics,B.Tech,6.45,2,2,86,90,72,62,2,2,43,1,2,1,12.55
Student_1295,22,Male,Civil,BCA,9.59,0,3,65,53,82,89,9,3,68,1,0,1,11.24
Student_1296,21,Female,Electronics,BCA,6.9,1,2,99,76,93,73,3,5,84,1,3,1,14.36
Student_1297,22,Male,Computer Science,B.E,6.9,1,0,90,79,98,93,0,1,57,1,1,1,14.49
Student_1298,22,Male,Electrical,B.Tech,7.03,0,4,62,72,69,52,10,0,41,0,0,0,0.0
Student_1299,20,Male,Civil,MCA,7.5,2,2,88,77,31,56,1,1,58,1,1,1,14.56
Student_1300,23,Male,Civil,B.Tech,7.07,1,3,61,45,54,32,23,1,83,0,3,1,12.01
Student_1301,21,Male,Civil,B.E,7.27,3,3,30,73,73,45,20,5,95,0,4,1,13.18
Student_1302,22,Female,Civil,B.E,5.0,0,3,51,30,37,39,22,0,73,0,4,0,0.0
Student_1303,23,Female,Civil,B.Tech,7.46,3,2,58,81,38,42,2,5,76,1,1,1,13.99
Student_1304,22,Male,Mechanical,M.Tech,7.42,0,4,98,85,57,51,11,0,59,1,2,1,14.47
Student_1305,22,Female,Computer Science,B.Tech,8.44,3,5,87,85,93,91,19,4,95,0,2,1,15.85
Student_1306,21,Male,Mechanical,M.Tech,8.71,3,5,40,32,52,56,13,2,90,1,3,0,0.0
Student_1307,20,Male,Information Technology,BCA,7.21,1,2,30,93,95,87,7,0,98,0,3,1,13.49
Student_1308,21,Male,Civil,B.Tech,8.22,1,2,67,60,86,87,19,3,90,1,0,1,14.24
Student_1309,23,Male,Electronics,M.Tech,6.3,0,0,67,35,51,98,7,4,68,1,0,0,0.0
Student_1310,22,Female,Electrical,B.Tech,8.17,1,2,81,67,46,65,23,5,97,1,2,1,13.67
Student_1311,21,Female,Mechanical,BCA,6.83,2,5,48,70,87,89,2,1,72,0,2,1,12.56
Student_1312,23,Female,Mechanical,MCA,6.22,2,1,86,58,82,59,16,3,72,0,4,1,12.92
Student_1313,23,Male,Electrical,B.Tech,7.21,0,5,58,82,74,74,0,3,75,0,4,1,14.03
Student_1314,23,Female,Electronics,M.Tech,8.8,0,4,53,68,98,86,21,2,43,1,0,1,13.01
Student_1315,21,Male,Electronics,B.E,7.58,2,3,59,45,37,39,8,5,88,1,2,0,0.0
Student_1316,22,Male,Electronics,B.E,8.9,2,3,96,73,57,34,0,2,55,0,2,1,16.28
Student_1317,22,Male,Electrical,M.Tech,6.65,3,4,57,48,72,41,20,2,76,1,2,1,14.56
Student_1318,21,Female,Civil,B.E,8.45,3,0,69,38,35,80,23,3,89,1,0,1,14.13
Student_1319,21,Other,Computer Science,B.E,6.75,2,0,92,48,98,63,22,5,38,1,4,1,13.52
Student_1320,20,Male,Electronics,B.Tech,7.63,2,1,31,93,70,49,11,5,51,1,0,1,14.28
Student_1321,21,Female,Electronics,B.Tech,7.62,2,4,67,70,51,83,1,4,95,0,4,1,15.32
Student_1322,22,Female,Mechanical,MCA,8.06,1,2,79,52,46,31,5,0,55,0,4,0,0.0
Student_1323,23,Female,Computer Science,B.Tech,7.65,2,1,93,55,30,42,0,1,76,1,4,1,14.54
Student_1324,23,Male,Civil,B.E,6.66,0,0,34,90,71,62,1,0,69,1,0,0,0.0
Student_1325,20,Female,Civil,B.Tech,8.28,3,2,80,76,98,94,3,0,90,0,2,1,14.57
Student_1326,22,Female,Information Technology,BCA,9.13,3,2,86,84,32,82,13,4,65,1,0,1,16.7
Student_1327,20,Female,Computer Science,B.E,6.82,1,1,54,72,58,77,18,4,59,1,3,1,13.08
Student_1328,22,Male,Mechanical,B.Tech,5.56,1,0,82,99,76,79,14,0,31,1,4,0,0.0
Student_1329,21,Female,Information Technology,B.Tech,7.9,1,4,64,75,60,51,4,2,63,0,2,1,13.25
Student_1330,21,Male,Electrical,B.Tech,7.07,3,4,76,58,75,61,14,1,70,1,0,1,12.16
Student_1331,22,Female,Civil,MCA,7.27,0,1,57,47,79,92,5,0,78,0,1,0,0.0
Student_1332,21,Male,Electrical,B.E,7.96,1,2,42,33,97,81,11,2,84,0,0,0,0.0
Student_1333,23,Male,Mechanical,B.E,6.94,2,1,88,83,72,71,21,0,84,1,2,1,14.05
Student_1334,22,Male,Electrical,M.Tech,7.13,2,2,45,95,79,35,3,4,62,0,1,0,0.0
Student_1335,23,Male,Computer Science,B.Tech,7.3,1,0,43,76,51,81,20,5,35,0,4,1,11.98
Student_1336,22,Male,Information Technology,B.Tech,8.87,0,5,92,64,40,55,6,2,47,1,1,1,13.62
Student_1337,21,Male,Computer Science,B.Tech,7.43,2,4,95,39,36,56,16,1,58,1,1,1,12.43
Student_1338,23,Male,Civil,B.Tech,6.16,2,5,72,75,37,77,6,2,98,0,1,0,0.0
Student_1339,21,Male,Mechanical,M.Tech,6.2,3,1,70,44,87,57,3,5,83,0,4,1,14.24
Student_1340,22,Female,Information Technology,MCA,7.54,0,5,55,73,32,70,10,0,92,0,1,0,0.0
Student_1341,20,Female,Information Technology,MCA,6.27,0,3,72,51,63,30,9,4,99,0,4,0,0.0
Student_1342,20,Female,Mechanical,MCA,5.84,1,1,72,90,72,42,12,0,39,1,3,0,0.0
Student_1343,22,Male,Information Technology,B.E,8.04,2,1,66,95,77,67,5,1,30,0,1,0,0.0
Student_1344,20,Male,Mechanical,B.Tech,8.08,0,4,75,46,34,97,23,2,70,1,2,1,14.62
Student_1345,23,Female,Mechanical,B.E,7.03,0,4,68,52,90,83,16,2,48,0,0,1,12.92
Student_1346,23,Male,Information Technology,MCA,7.69,1,4,91,94,60,59,20,1,90,0,4,1,12.94
Student_1347,22,Male,Information Technology,M.Tech,7.59,1,1,76,31,31,97,18,4,62,0,4,1,16.6
Student_1348,22,Female,Electronics,B.E,8.0,2,3,56,66,39,49,17,4,30,1,1,0,0.0
Student_1349,22,Female,Mechanical,M.Tech,8.0,0,5,75,39,90,92,3,2,45,0,0,0,0.0
Student_1350,20,Male,Information Technology,BCA,5.0,3,0,46,60,96,58,14,2,53,0,2,0,0.0
Student_1351,21,Female,Electronics,MCA,7.16,0,1,44,32,82,36,21,0,31,0,3,0,0.0
Student_1352,21,Male,Mechanical,BCA,7.92,1,0,87,39,53,30,2,3,52,1,3,0,0.0
Student_1353,23,Female,Information Technology,B.Tech,6.99,3,0,70,58,96,98,11,1,67,1,0,1,13.95
Student_1354,20,Male,Mechanical,B.Tech,7.44,2,5,33,34,49,74,4,1,92,0,0,0,0.0
Student_1355,21,Male,Computer Science,B.E,8.15,3,1,54,85,46,40,19,5,75,1,1,1,13.7
Student_1356,21,Female,Computer Science,B.Tech,7.48,0,1,98,70,83,99,22,3,36,0,3,1,17.62
Student_1357,20,Male,Information Technology,MCA,8.91,2,0,74,61,52,32,1,4,59,0,1,1,14.93
Student_1358,20,Female,Information Technology,B.E,8.53,0,5,90,63,66,53,19,1,83,1,4,1,14.62
Student_1359,21,Male,Computer Science,B.E,7.28,2,2,68,88,76,82,8,3,55,0,1,1,15.18
Student_1360,20,Female,Electrical,B.Tech,7.2,1,4,32,89,41,33,23,0,69,1,4,0,0.0
Student_1361,20,Female,Information Technology,B.E,5.0,3,1,42,33,94,93,0,1,98,0,4,1,13.97
Student_1362,21,Male,Civil,B.E,7.07,0,3,36,77,41,77,4,4,39,0,3,0,0.0
Student_1363,20,Female,Electrical,B.Tech,6.05,3,5,81,62,99,96,17,2,63,0,0,1,13.21
Student_1364,22,Male,Civil,MCA,7.62,1,4,82,84,49,88,18,3,72,0,0,1,12.69
Student_1365,20,Male,Civil,B.Tech,7.55,2,3,61,85,59,87,1,4,85,0,0,1,11.05
Student_1366,21,Male,Computer Science,B.Tech,8.1,2,1,80,79,47,45,3,5,88,1,3,1,14.95
Student_1367,21,Female,Electronics,B.Tech,8.8,0,1,68,77,67,44,8,0,50,0,3,0,0.0
Student_1368,23,Female,Civil,B.E,7.37,1,3,81,44,30,46,0,3,62,1,4,1,13.14
Student_1369,22,Female,Mechanical,M.Tech,9.68,2,2,77,89,41,40,18,5,88,1,4,1,16.37
Student_1370,23,Female,Computer Science,MCA,7.63,3,0,61,79,66,76,16,1,88,0,1,0,0.0
Student_1371,21,Female,Mechanical,B.Tech,6.09,3,1,75,49,78,34,17,5,87,1,1,0,0.0
Student_1372,21,Male,Civil,MCA,6.84,2,2,52,46,97,59,11,3,76,0,3,1,12.19
Student_1373,21,Female,Civil,M.Tech,7.03,1,1,82,65,88,70,15,1,48,0,3,0,0.0
Student_1374,23,Female,Electronics,B.Tech,7.99,1,3,93,53,94,67,13,4,55,0,1,1,13.05
Student_1375,23,Male,Information Technology,B.Tech,6.45,1,1,44,77,85,64,16,5,75,0,0,0,0.0
Student_1376,23,Female,Information Technology,B.Tech,7.1,1,1,76,58,84,45,10,0,47,1,0,0,0.0
Student_1377,23,Male,Information Technology,MCA,7.24,1,0,37,41,54,37,15,4,77,0,4,0,0.0
Student_1378,22,Male,Electronics,B.Tech,6.95,3,3,56,57,93,99,15,5,66,1,1,1,13.23
Student_1379,22,Male,Information Technology,B.E,8.21,1,1,76,87,97,62,15,3,60,0,3,1,16.08
Student_1380,23,Male,Electronics,M.Tech,8.04,0,3,49,88,65,71,20,3,54,0,4,1,11.75
Student_1381,21,Male,Computer Science,MCA,8.57,2,5,46,51,38,69,8,0,84,1,4,1,15.15
Student_1382,21,Female,Information Technology,M.Tech,7.07,2,5,56,85,32,55,21,2,62,0,2,1,12.37
Student_1383,23,Female,Information Technology,BCA,8.6,1,4,38,36,64,80,0,5,51,0,3,1,14.66
Student_1384,21,Male,Computer Science,B.Tech,6.04,2,4,73,98,74,56,11,4,56,1,0,1,14.12
Student_1385,20,Male,Electrical,MCA,6.01,3,5,39,83,68,58,10,2,63,0,4,1,13.02
Student_1386,22,Male,Civil,B.Tech,6.19,3,4,53,32,92,86,20,1,73,1,4,1,13.09
Student_1387,21,Male,Electrical,B.Tech,7.41,3,1,51,79,67,52,1,4,99,0,1,0,0.0
Student_1388,23,Female,Mechanical,MCA,8.6,2,3,97,64,76,78,5,5,53,0,1,1,15.91
Student_1389,23,Male,Computer Science,B.Tech,6.8,0,5,99,91,83,76,11,1,42,1,3,1,18.14
Student_1390,21,Female,Electrical,B.Tech,6.92,2,4,35,46,92,32,19,4,98,0,2,1,9.91
Student_1391,22,Female,Electronics,B.E,7.18,3,2,41,92,72,77,11,1,40,0,3,1,11.44
Student_1392,23,Female,Civil,B.Tech,7.97,3,1,81,90,69,86,15,4,93,1,0,1,15.98
Student_1393,22,Female,Electronics,B.Tech,6.92,3,0,50,49,35,48,4,5,39,1,1,0,0.0
Student_1394,20,Male,Electronics,B.E,6.87,3,2,75,60,74,94,22,3,55,1,3,1,15.78
Student_1395,22,Female,Electronics,BCA,6.05,2,4,94,74,42,31,18,2,99,0,4,1,11.94
Student_1396,22,Female,Information Technology,BCA,6.83,0,3,41,46,55,42,1,1,41,1,0,0,0.0
Student_1397,22,Female,Mechanical,B.Tech,8.58,1,0,97,99,67,96,16,0,41,0,3,1,15.83
Student_1398,20,Female,Civil,B.E,7.49,1,5,33,43,35,89,3,0,72,1,0,0,0.0
Student_1399,21,Female,Computer Science,BCA,6.66,3,2,46,47,78,82,13,5,43,0,4,1,14.67
Student_1400,23,Other,Computer Science,B.Tech,8.64,3,2,65,65,49,72,17,3,31,1,1,1,13.43
Student_1401,20,Male,Electrical,B.Tech,6.81,1,4,91,63,65,44,22,1,78,1,1,0,0.0
Student_1402,21,Female,Mechanical,B.Tech,8.82,1,2,68,33,54,64,1,3,97,0,3,0,0.0
Student_1403,21,Female,Electrical,B.E,8.8,0,3,39,93,54,69,6,5,83,0,4,1,12.35
Student_1404,20,Male,Mechanical,B.Tech,7.46,0,5,47,46,57,36,16,3,97,0,2,0,0.0
Student_1405,20,Female,Mechanical,M.Tech,5.9,1,3,83,37,33,71,6,5,66,0,1,0,0.0
Student_1406,21,Male,Electrical,MCA,9.69,0,3,69,66,43,36,17,0,72,0,4,0,0.0
Student_1407,23,Female,Mechanical,B.Tech,7.79,1,2,30,94,85,38,4,0,98,0,4,0,0.0
Student_1408,20,Male,Information Technology,B.E,7.08,3,5,65,30,38,41,3,3,65,0,2,1,13.48
Student_1409,21,Male,Mechanical,B.Tech,8.36,2,0,58,64,64,43,13,3,32,0,0,1,12.45
Student_1410,20,Female,Information Technology,B.Tech,8.1,2,1,30,93,39,35,16,4,46,0,4,1,14.59
Student_1411,22,Male,Electronics,BCA,8.71,0,5,47,92,67,96,4,5,73,0,3,1,15.4
Student_1412,21,Male,Civil,B.Tech,6.74,3,2,95,41,75,86,20,0,90,0,2,1,14.74
Student_1413,23,Male,Computer Science,MCA,7.72,2,1,79,73,62,65,20,5,72,1,0,1,12.05
Student_1414,22,Male,Civil,B.E,6.21,2,2,34,88,84,55,1,0,58,1,4,0,0.0
Student_1415,23,Female,Mechanical,B.Tech,8.07,1,1,31,77,48,43,7,3,52,1,3,0,0.0
Student_1416,22,Female,Information Technology,B.Tech,7.38,2,3,54,76,69,96,13,4,77,1,1,1,13.99
Student_1417,21,Male,Computer Science,B.Tech,7.68,3,1,62,84,49,85,11,4,92,1,1,1,14.79
Student_1418,23,Female,Civil,MCA,7.25,2,2,61,61,65,82,6,1,49,1,1,0,0.0
Student_1419,21,Male,Civil,M.Tech,7.15,1,5,78,34,34,62,12,3,68,1,4,0,0.0
Student_1420,23,Female,Civil,B.Tech,6.53,2,0,42,74,48,31,23,5,59,0,2,0,0.0
Student_1421,23,Male,Electronics,B.E,8.19,3,4,33,73,79,74,7,1,47,0,4,0,0.0
Student_1422,22,Male,Mechanical,M.Tech,8.89,1,0,77,89,84,64,5,5,58,1,3,1,15.65
Student_1423,22,Male,Electronics,BCA,6.84,3,2,92,94,49,50,17,3,36,1,1,1,14.74
Student_1424,21,Female,Electronics,B.Tech,7.95,2,4,41,53,48,52,13,0,67,1,2,0,0.0
Student_1425,23,Male,Information Technology,B.Tech,7.83,0,5,55,96,50,34,16,1,37,0,4,1,14.3
Student_1426,22,Male,Information Technology,B.Tech,7.41,3,1,73,30,49,91,15,5,63,0,2,1,14.41
Student_1427,23,Female,Electrical,B.Tech,5.87,2,0,41,97,99,41,18,2,92,0,3,0,0.0
Student_1428,21,Female,Mechanical,B.E,6.1,1,4,90,39,75,86,17,5,40,1,0,1,14.58
Student_1429,23,Male,Information Technology,B.Tech,6.62,0,5,45,75,57,98,14,2,47,1,2,0,0.0
Student_1430,21,Female,Electrical,B.Tech,5.26,3,3,67,77,62,33,10,2,80,1,2,1,11.71
Student_1431,20,Female,Computer Science,B.Tech,8.81,3,0,53,74,65,73,11,5,93,0,1,1,13.75
Student_1432,20,Male,Mechanical,B.Tech,7.77,0,3,76,99,68,34,6,4,96,1,4,1,13.8
Student_1433,22,Female,Computer Science,MCA,7.37,2,2,43,68,57,88,10,1,38,0,1,0,0.0
Student_1434,21,Male,Electronics,B.E,5.21,0,2,36,39,98,65,14,4,46,0,4,0,0.0
Student_1435,20,Female,Mechanical,B.Tech,5.58,1,0,65,72,50,31,17,1,98,1,0,0,0.0
Student_1436,21,Male,Electrical,B.E,7.4,2,1,90,50,59,84,18,5,65,0,2,1,16.48
Student_1437,22,Female,Electrical,B.Tech,9.37,0,5,74,72,30,83,9,0,88,0,2,1,14.55
Student_1438,21,Male,Electrical,MCA,6.7,2,0,82,56,64,94,17,3,31,1,1,0,0.0
Student_1439,23,Male,Information Technology,B.E,8.26,1,5,60,32,89,63,10,0,38,0,2,1,11.0
Student_1440,23,Female,Computer Science,B.E,6.92,2,3,39,74,99,95,8,4,44,1,4,1,14.24
Student_1441,22,Male,Electrical,MCA,7.46,3,3,59,36,63,76,3,5,36,1,2,1,13.61
Student_1442,23,Female,Electrical,BCA,8.61,0,5,99,52,39,66,6,4,92,0,2,1,14.82
Student_1443,21,Other,Information Technology,BCA,7.05,3,1,84,73,80,55,16,2,86,0,4,1,15.61
Student_1444,20,Female,Computer Science,B.Tech,6.71,0,5,79,91,74,50,5,4,57,1,4,1,13.84
Student_1445,20,Male,Mechanical,B.Tech,8.82,0,1,51,51,97,73,1,1,35,0,0,0,0.0
Student_1446,23,Female,Computer Science,M.Tech,7.45,1,2,71,50,65,81,6,3,37,0,3,0,0.0
Student_1447,23,Male,Computer Science,B.E,8.49,1,2,73,51,30,32,23,5,48,0,4,1,12.57
Student_1448,22,Male,Electrical,M.Tech,6.71,0,3,75,70,93,58,3,2,80,0,4,1,11.92
Student_1449,20,Female,Electronics,BCA,8.81,1,1,92,43,77,33,3,0,86,1,4,1,15.24
Student_1450,21,Female,Computer Science,B.Tech,7.67,3,4,77,66,86,57,9,2,67,0,0,1,13.47
Student_1451,20,Male,Mechanical,B.Tech,7.83,2,0,45,86,38,85,9,2,93,1,3,0,0.0
Student_1452,20,Male,Electronics,B.E,7.53,2,3,45,35,62,78,22,4,94,1,4,1,14.88
Student_1453,20,Female,Mechanical,B.Tech,6.89,0,3,73,97,62,38,5,4,83,1,2,0,0.0
Student_1454,22,Female,Electrical,M.Tech,7.4,0,3,90,67,48,80,10,2,35,1,0,1,13.86
Student_1455,20,Male,Information Technology,M.Tech,6.96,1,3,96,73,89,30,6,4,92,0,0,1,12.58
Student_1456,23,Female,Mechanical,B.E,8.36,3,4,72,73,43,30,5,0,93,0,1,1,12.94
Student_1457,21,Male,Civil,M.Tech,7.2,3,5,67,96,35,93,7,1,69,0,4,1,15.27
Student_1458,21,Male,Electronics,B.E,5.9,0,1,87,76,46,32,6,3,71,1,0,0,0.0
Student_1459,22,Female,Electrical,M.Tech,5.72,1,2,98,91,99,48,17,4,84,0,3,1,14.63
Student_1460,23,Other,Electronics,B.Tech,5.67,1,3,31,50,37,39,18,4,71,0,0,0,0.0
Student_1461,21,Male,Electronics,M.Tech,8.02,2,2,51,45,70,70,4,3,54,1,4,1,13.97
Student_1462,20,Male,Electrical,M.Tech,6.25,0,5,53,75,42,66,11,0,78,1,0,0,0.0
Student_1463,20,Male,Mechanical,B.Tech,7.7,1,3,69,40,57,88,6,4,84,1,1,1,13.96
Student_1464,23,Female,Electrical,B.E,7.54,3,3,50,37,68,99,20,2,39,0,0,1,12.45
Student_1465,20,Male,Civil,MCA,7.34,1,1,51,44,31,82,2,1,77,1,2,0,0.0
Student_1466,22,Male,Civil,B.Tech,7.84,3,2,31,48,46,62,9,2,42,1,3,1,13.67
Student_1467,21,Other,Information Technology,M.Tech,7.56,2,3,30,36,71,33,7,4,70,0,2,1,9.98
Student_1468,23,Male,Electronics,MCA,5.0,2,2,61,81,31,94,8,1,37,0,2,0,0.0
Student_1469,20,Female,Electrical,MCA,7.08,1,4,99,70,64,69,22,3,99,1,3,1,15.4
Student_1470,23,Male,Mechanical,B.Tech,7.83,3,0,50,44,72,45,12,0,76,0,2,1,13.51
Student_1471,22,Female,Information Technology,B.E,9.04,0,0,46,49,45,67,9,4,62,0,3,1,14.21
Student_1472,21,Male,Information Technology,MCA,9.09,3,2,48,95,41,57,19,0,65,1,1,1,13.01
Student_1473,20,Male,Civil,B.E,6.04,3,1,98,93,64,54,18,5,73,0,0,1,14.47
Student_1474,23,Male,Information Technology,B.Tech,7.05,2,4,76,38,80,61,3,5,38,1,0,1,12.46
Student_1475,21,Female,Computer Science,B.Tech,5.83,3,5,75,72,30,82,11,5,65,0,0,1,13.88
Student_1476,21,Female,Civil,BCA,8.92,2,2,43,52,53,41,9,2,80,1,0,0,0.0
Student_1477,21,Male,Information Technology,B.Tech,8.41,2,3,93,55,99,97,10,4,48,1,0,1,15.61
Student_1478,20,Male,Civil,B.Tech,7.75,0,1,43,71,53,34,8,0,63,0,0,0,0.0
Student_1479,21,Female,Mechanical,B.Tech,7.57,0,3,97,98,53,40,19,1,53,1,0,1,13.4
Student_1480,20,Male,Electrical,BCA,8.78,0,4,96,70,81,77,23,0,41,0,3,1,15.14
Student_1481,20,Male,Mechanical,B.E,8.61,0,4,69,96,63,40,0,0,98,0,1,1,11.73
Student_1482,21,Female,Electrical,MCA,8.56,3,5,90,87,57,84,20,2,71,1,2,1,16.88
Student_1483,20,Male,Electrical,M.Tech,7.86,0,3,99,84,84,81,20,3,57,1,0,1,13.14
Student_1484,21,Male,Information Technology,MCA,7.05,0,2,70,85,32,60,8,5,53,1,4,1,13.64
Student_1485,23,Male,Electrical,MCA,8.17,3,0,83,85,79,61,11,0,77,0,1,1,13.51
Student_1486,20,Male,Civil,B.Tech,8.22,1,4,71,47,56,99,2,2,37,0,2,1,15.27
Student_1487,20,Male,Computer Science,M.Tech,7.21,3,4,66,98,92,85,8,4,69,0,3,1,15.75
Student_1488,20,Female,Computer Science,B.Tech,7.05,3,3,53,94,80,74,5,1,46,0,4,1,15.47
Student_1489,22,Female,Information Technology,MCA,8.53,2,5,75,72,95,39,21,4,92,0,3,1,14.56
Student_1490,21,Male,Computer Science,B.Tech,9.06,3,1,48,79,39,71,2,3,84,0,2,1,11.57
Student_1491,21,Female,Electronics,M.Tech,6.65,3,0,43,91,43,32,8,3,83,0,1,0,0.0
Student_1492,20,Male,Electrical,BCA,7.14,0,3,49,40,93,47,11,0,40,1,1,0,0.0
Student_1493,21,Female,Electronics,B.Tech,7.75,0,0,30,34,57,78,23,1,35,1,0,0,0.0
Student_1494,21,Male,Computer Science,BCA,7.89,1,0,95,99,87,58,19,5,62,0,1,1,12.56
Student_1495,21,Female,Electronics,B.Tech,6.88,2,4,47,68,78,99,22,5,54,0,3,1,14.64
Student_1496,22,Male,Information Technology,B.Tech,9.28,3,2,85,80,64,95,7,2,80,0,1,1,16.81
Student_1497,23,Male,Electrical,B.E,7.82,0,3,60,65,33,36,6,3,79,0,1,0,0.0
Student_1498,21,Male,Computer Science,B.Tech,7.93,0,4,53,66,35,91,13,3,57,1,0,1,13.13
Student_1499,23,Male,Civil,B.E,9.16,1,2,45,32,80,90,8,3,41,0,1,1,12.98
Student_1500,22,Male,Electronics,MCA,6.95,1,3,87,50,36,37,0,4,52,0,0,0,0.0
Student_1501,21,Female,Computer Science,B.Tech,7.31,3,3,65,36,30,56,19,3,65,1,2,1,14.06
Student_1502,20,Female,Civil,B.E,6.15,1,3,61,60,45,96,2,0,47,0,1,0,0.0
Student_1503,21,Male,Electronics,MCA,7.23,3,4,76,31,93,31,4,0,52,1,4,1,13.3
Student_1504,22,Female,Civil,BCA,5.91,0,2,86,86,73,34,22,5,46,0,2,0,0.0
Student_1505,20,Female,Mechanical,B.Tech,8.15,0,3,75,50,80,65,17,4,34,1,1,1,15.11
Student_1506,23,Female,Civil,MCA,7.82,3,3,62,81,75,96,15,1,72,0,2,1,15.42
Student_1507,21,Female,Electronics,B.Tech,7.12,0,0,92,33,69,49,3,0,99,0,4,0,0.0
Student_1508,23,Female,Computer Science,B.E,7.3,0,1,92,32,47,84,6,1,96,0,0,1,13.84
Student_1509,22,Male,Computer Science,B.E,8.16,2,0,97,59,60,78,4,3,95,0,1,1,16.54
Student_1510,21,Female,Electronics,BCA,6.26,0,1,36,85,68,40,15,3,76,0,2,0,0.0
Student_1511,20,Female,Electronics,B.Tech,7.6,0,2,92,86,99,50,12,1,82,0,0,0,0.0
Student_1512,22,Male,Civil,B.Tech,8.1,1,5,43,68,92,73,8,1,34,1,2,1,14.37
Student_1513,21,Male,Electronics,BCA,5.62,2,5,73,72,81,63,17,1,44,1,0,0,0.0
Student_1514,20,Male,Electrical,B.Tech,8.08,2,4,76,78,86,46,18,2,79,0,4,1,15.91
Student_1515,23,Female,Information Technology,B.E,5.73,2,3,44,77,86,44,17,1,99,0,3,0,0.0
Student_1516,21,Male,Electronics,M.Tech,7.28,0,1,30,81,76,69,2,2,93,0,0,0,0.0
Student_1517,20,Female,Civil,M.Tech,6.24,1,2,96,32,87,87,14,0,74,1,2,0,0.0
Student_1518,21,Female,Computer Science,B.Tech,8.83,1,4,92,60,35,58,5,5,37,1,1,1,15.35
Student_1519,21,Other,Information Technology,B.Tech,6.24,1,5,42,88,31,94,6,5,97,1,2,0,0.0
Student_1520,23,Male,Civil,MCA,5.75,2,5,72,60,61,76,23,2,52,1,2,1,12.03
Student_1521,22,Female,Mechanical,B.Tech,7.53,0,2,40,40,33,58,9,4,32,1,4,0,0.0
Student_1522,20,Female,Civil,B.Tech,6.99,2,2,69,76,53,79,18,3,83,1,0,1,12.19
Student_1523,20,Male,Mechanical,B.Tech,5.9,3,3,52,51,43,61,5,0,42,1,2,0,0.0
Student_1524,22,Female,Electrical,B.Tech,7.93,2,0,82,65,97,82,23,1,51,1,4,1,14.59
Student_1525,20,Male,Electrical,MCA,5.41,1,0,70,66,75,98,6,0,77,0,0,0,0.0
Student_1526,21,Female,Electrical,B.Tech,6.36,1,0,64,78,32,85,4,4,97,1,1,0,0.0
Student_1527,20,Male,Computer Science,B.Tech,6.82,2,4,77,95,73,39,7,4,93,0,3,1,13.41
Student_1528,20,Male,Mechanical,B.E,8.2,2,1,63,78,81,35,4,3,41,1,0,0,0.0
Student_1529,23,Male,Computer Science,B.Tech,8.7,1,4,30,99,52,86,14,0,42,0,1,0,0.0
Student_1530,20,Male,Information Technology,B.Tech,8.5,0,2,71,31,91,89,3,1,86,0,4,1,14.18
Student_1531,20,Male,Information Technology,MCA,7.25,2,4,84,84,98,69,4,2,52,0,2,1,13.29
Student_1532,23,Female,Mechanical,M.Tech,5.0,2,0,64,59,98,47,16,0,35,1,0,0,0.0
Student_1533,20,Male,Electronics,B.Tech,7.79,0,1,42,81,36,91,1,0,71,1,4,0,0.0
Student_1534,23,Male,Electrical,B.Tech,8.87,2,1,30,35,61,61,10,1,75,0,2,1,13.79
Student_1535,20,Female,Information Technology,B.Tech,8.63,0,2,50,66,84,50,16,3,99,0,2,0,0.0
Student_1536,20,Female,Mechanical,B.Tech,7.86,2,3,83,32,60,55,10,0,64,0,4,1,16.34
Student_1537,20,Male,Civil,B.E,6.21,2,1,52,76,63,50,0,5,85,1,1,0,0.0
Student_1538,22,Female,Electrical,B.E,6.87,0,4,96,45,52,49,3,2,67,1,1,1,11.72
Student_1539,22,Male,Information Technology,M.Tech,9.33,2,5,53,40,59,52,23,1,94,1,2,1,12.74
Student_1540,21,Female,Civil,MCA,5.98,0,0,59,35,78,77,18,0,64,0,1,0,0.0
Student_1541,20,Male,Computer Science,B.Tech,6.25,1,0,83,48,31,31,8,5,77,0,0,0,0.0
Student_1542,20,Female,Mechanical,MCA,8.34,2,5,72,97,85,55,20,3,97,1,0,1,14.28
Student_1543,22,Other,Electronics,B.E,6.97,1,3,32,98,80,41,0,5,91,0,1,0,0.0
Student_1544,20,Female,Electrical,B.Tech,6.22,3,5,35,35,39,75,1,4,58,1,0,1,13.43
Student_1545,22,Female,Civil,BCA,8.93,3,4,43,98,84,99,21,5,65,0,2,1,14.2
Student_1546,22,Female,Electrical,B.Tech,7.86,3,4,91,71,66,85,16,5,71,0,4,1,17.22
Student_1547,23,Male,Electrical,B.E,7.02,0,0,31,52,52,47,14,4,38,0,1,0,0.0
Student_1548,21,Female,Electronics,M.Tech,6.25,0,3,35,95,61,65,8,5,46,1,0,0,0.0
Student_1549,20,Female,Civil,B.Tech,9.45,0,2,84,46,66,31,19,5,79,1,0,1,13.34
Student_1550,21,Other,Computer Science,MCA,7.38,2,5,73,42,44,58,14,1,35,0,0,0,0.0
Student_1551,23,Male,Mechanical,B.Tech,8.8,1,0,98,46,72,49,10,3,72,1,2,1,13.81
Student_1552,22,Male,Computer Science,BCA,8.29,2,0,45,40,74,65,9,5,63,1,2,1,14.44
Student_1553,22,Female,Civil,B.Tech,6.88,1,3,76,63,55,58,8,5,63,1,2,1,14.88
Student_1554,21,Male,Electrical,B.Tech,6.89,0,5,39,39,62,77,13,0,89,1,3,1,12.97
Student_1555,20,Male,Civil,B.Tech,8.85,2,5,71,45,73,68,15,0,49,0,1,1,13.96
Student_1556,23,Male,Electrical,MCA,8.86,2,3,37,55,65,95,19,1,85,0,3,1,14.49
Student_1557,23,Female,Information Technology,B.Tech,5.52,2,2,93,75,60,34,9,4,84,1,4,0,0.0
Student_1558,23,Male,Electrical,MCA,7.95,1,1,59,90,96,96,6,2,99,1,0,1,13.06
Student_1559,23,Male,Mechanical,B.Tech,7.28,2,5,47,35,91,85,13,3,87,1,0,1,11.35
Student_1560,21,Male,Civil,B.E,6.37,3,1,98,74,56,79,14,0,65,1,1,1,14.22
Student_1561,21,Female,Civil,B.Tech,7.66,2,0,34,37,80,87,6,0,55,1,0,0,0.0
Student_1562,20,Female,Mechanical,B.Tech,6.05,3,3,85,99,86,33,1,4,84,1,4,1,13.42
Student_1563,23,Male,Information Technology,MCA,6.93,1,2,65,49,37,44,7,1,94,1,4,0,0.0
Student_1564,22,Male,Mechanical,B.Tech,6.6,0,2,78,89,71,30,1,0,49,0,2,0,0.0
Student_1565,21,Female,Mechanical,M.Tech,6.9,3,5,48,84,85,85,1,1,55,1,0,1,14.39
Student_1566,23,Male,Electrical,B.E,7.33,1,1,91,52,34,54,23,1,64,0,4,1,14.82
Student_1567,22,Female,Electronics,B.E,6.38,0,5,61,52,53,55,18,2,37,0,4,0,0.0
Student_1568,23,Male,Mechanical,B.E,8.97,0,1,59,52,85,72,0,5,51,0,2,1,16.26
Student_1569,23,Female,Mechanical,MCA,7.89,1,1,61,62,95,59,8,1,41,1,3,0,0.0
Student_1570,20,Male,Computer Science,M.Tech,9.19,0,0,50,60,99,74,6,3,84,1,3,0,0.0
Student_1571,21,Female,Computer Science,B.E,7.24,2,4,52,75,72,95,23,1,64,0,2,0,0.0
Student_1572,22,Male,Computer Science,B.E,6.85,2,5,39,62,32,53,10,2,72,0,1,0,0.0
Student_1573,23,Female,Mechanical,B.E,9.16,1,5,64,85,31,92,6,1,35,0,1,1,13.3
Student_1574,20,Other,Electronics,B.Tech,6.82,0,1,63,62,86,67,15,2,70,0,1,1,13.18
Student_1575,21,Female,Electrical,B.E,7.22,0,4,56,51,81,56,11,3,80,0,1,0,0.0
Student_1576,22,Male,Civil,B.Tech,8.12,3,0,98,52,43,94,4,3,78,1,3,1,16.54
Student_1577,23,Male,Computer Science,BCA,6.16,1,3,37,81,39,64,7,0,85,0,4,0,0.0
Student_1578,20,Female,Computer Science,MCA,8.11,0,4,93,39,40,38,3,0,37,0,0,0,0.0
Student_1579,22,Female,Electronics,MCA,7.98,2,0,90,50,91,50,16,1,68,0,0,0,0.0
Student_1580,21,Male,Electrical,BCA,8.67,3,0,31,51,83,89,23,5,63,1,2,1,16.18
Student_1581,20,Male,Computer Science,B.E,8.29,0,0,79,75,96,66,19,1,92,0,3,1,15.09
Student_1582,22,Male,Information Technology,M.Tech,8.7,3,4,44,39,37,69,9,3,78,0,2,1,15.12
Student_1583,21,Female,Computer Science,B.Tech,7.29,2,3,32,61,78,77,11,2,96,1,4,1,13.8
Student_1584,22,Female,Electronics,B.E,6.54,1,0,90,77,94,43,1,2,31,0,3,0,0.0
Student_1585,21,Female,Electrical,B.Tech,9.51,3,3,38,94,67,36,8,0,61,1,3,1,12.52
Student_1586,23,Female,Civil,B.Tech,5.87,1,4,50,60,84,60,0,2,79,0,2,0,0.0
Student_1587,20,Male,Electronics,MCA,5.97,2,1,36,98,72,94,17,5,36,1,0,1,11.4
Student_1588,23,Male,Computer Science,MCA,7.97,0,3,39,72,30,38,21,5,75,1,0,0,0.0
Student_1589,20,Male,Electronics,B.E,9.02,0,1,34,84,60,80,4,1,46,1,3,0,0.0
Student_1590,22,Female,Mechanical,B.Tech,7.59,3,1,88,47,48,98,16,3,35,1,1,1,15.37
Student_1591,21,Male,Information Technology,M.Tech,8.4,3,2,34,94,35,36,14,1,76,0,3,1,13.04
Student_1592,21,Male,Civil,B.Tech,5.4,0,2,83,48,71,39,10,5,59,1,1,0,0.0
Student_1593,20,Male,Electrical,BCA,6.9,0,2,40,39,95,90,17,3,58,1,0,0,0.0
Student_1594,22,Male,Information Technology,MCA,5.53,2,1,94,35,33,37,16,5,52,0,3,0,0.0
Student_1595,20,Female,Information Technology,B.Tech,8.18,3,2,89,75,53,82,6,5,77,1,4,1,16.28
Student_1596,22,Male,Computer Science,B.Tech,5.85,2,3,74,73,76,85,19,1,73,1,2,1,15.52
Student_1597,22,Male,Civil,B.Tech,6.12,2,2,87,43,51,51,15,2,76,0,0,0,0.0
Student_1598,23,Female,Electronics,B.Tech,7.91,1,3,50,91,38,50,7,3,85,0,2,0,0.0
Student_1599,22,Male,Information Technology,B.Tech,8.46,0,0,84,49,43,66,17,1,72,1,4,0,0.0
Student_1600,21,Male,Information Technology,B.Tech,7.24,3,0,45,72,31,65,15,4,35,0,1,0,0.0
Student_1601,22,Male,Computer Science,B.Tech,7.97,3,5,73,66,99,90,2,3,41,1,0,1,15.23
Student_1602,23,Female,Electronics,B.Tech,7.94,1,2,94,71,64,71,3,1,99,1,3,1,13.25
Student_1603,21,Male,Civil,B.Tech,7.18,2,3,80,81,95,97,7,2,50,0,1,1,13.45
Student_1604,20,Female,Information Technology,M.Tech,6.31,0,4,48,94,77,46,1,4,59,0,0,0,0.0
Student_1605,23,Female,Computer Science,B.Tech,7.96,1,0,81,80,54,49,9,2,56,1,3,1,12.64
Student_1606,20,Female,Electronics,MCA,8.01,0,5,91,93,95,46,11,4,99,1,1,1,15.22
Student_1607,22,Male,Civil,B.Tech,8.29,1,2,92,90,48,75,18,5,87,0,0,1,14.41
Student_1608,20,Female,Electronics,B.Tech,7.71,0,5,81,55,42,32,4,2,63,0,0,0,0.0
Student_1609,20,Male,Information Technology,B.Tech,6.23,2,2,81,69,86,90,13,5,77,1,0,1,13.23
Student_1610,23,Male,Computer Science,M.Tech,8.09,0,2,84,43,68,84,15,2,68,0,0,1,14.63
Student_1611,20,Male,Civil,B.Tech,7.4,2,3,81,94,59,99,10,3,75,1,0,1,14.65
Student_1612,22,Male,Electrical,B.E,6.92,2,1,39,97,71,97,21,4,96,1,1,1,14.29
Student_1613,22,Male,Civil,B.Tech,7.11,3,3,86,92,97,34,7,0,77,0,4,1,13.75
Student_1614,20,Male,Mechanical,MCA,6.71,0,5,42,81,49,82,9,4,37,0,1,0,0.0
Student_1615,20,Male,Civil,B.Tech,8.29,1,3,68,89,93,65,0,3,65,1,0,1,13.91
Student_1616,23,Male,Electronics,B.Tech,5.98,0,0,53,85,93,81,9,3,87,1,4,0,0.0
Student_1617,22,Female,Computer Science,MCA,6.41,2,4,44,46,83,91,0,5,32,1,3,1,14.7
Student_1618,20,Female,Electronics,B.Tech,7.07,0,0,49,48,41,70,23,2,54,0,4,0,0.0
Student_1619,23,Male,Civil,B.Tech,9.01,2,0,35,67,36,30,5,5,44,0,2,1,12.03
Student_1620,21,Female,Mechanical,BCA,8.45,3,1,60,59,38,90,19,3,80,1,2,0,0.0
Student_1621,20,Male,Electrical,B.Tech,5.76,2,1,59,81,79,60,2,1,39,1,2,1,13.13
Student_1622,23,Male,Electrical,B.Tech,8.75,0,0,58,81,57,62,6,3,73,1,0,1,12.45
Student_1623,20,Male,Information Technology,B.Tech,8.75,1,0,36,98,99,70,2,1,34,1,1,1,12.61
Student_1624,22,Male,Computer Science,B.Tech,6.23,2,4,72,85,30,93,8,5,94,0,2,0,0.0
Student_1625,23,Male,Information Technology,MCA,5.0,1,2,41,30,56,66,14,0,52,0,1,0,0.0
Student_1626,22,Male,Electrical,B.E,7.33,1,1,89,53,48,44,10,2,58,0,4,1,13.41
Student_1627,22,Male,Civil,B.E,8.52,3,2,31,52,91,81,14,4,85,1,4,1,15.24
Student_1628,21,Male,Computer Science,B.Tech,8.99,3,4,33,74,38,74,19,0,56,0,2,0,0.0
Student_1629,20,Male,Computer Science,M.Tech,6.53,1,4,51,53,58,34,1,2,38,0,3,0,0.0
Student_1630,22,Male,Mechanical,M.Tech,9.15,1,1,58,98,90,67,10,3,93,1,1,1,13.57
Student_1631,23,Male,Mechanical,B.Tech,5.17,0,1,97,50,97,84,14,2,37,0,4,1,13.08
Student_1632,20,Male,Electrical,MCA,7.03,1,5,66,60,94,91,12,4,64,0,3,1,13.78
Student_1633,23,Male,Civil,B.E,6.98,2,3,56,87,75,49,3,1,38,1,3,0,0.0
Student_1634,21,Male,Information Technology,BCA,8.55,2,5,88,55,41,66,4,2,78,0,2,1,13.99
Student_1635,22,Male,Computer Science,B.Tech,8.7,1,1,46,33,36,87,9,1,48,0,4,1,14.22
Student_1636,20,Male,Mechanical,B.Tech,8.35,0,0,92,53,58,70,15,3,95,0,2,1,13.7
Student_1637,22,Female,Mechanical,M.Tech,6.05,0,2,58,55,63,59,23,5,44,0,4,1,11.82
Student_1638,20,Male,Electrical,BCA,8.26,0,1,51,72,65,42,8,1,76,1,3,0,0.0
Student_1639,21,Male,Mechanical,B.Tech,7.91,0,4,51,79,33,33,12,2,30,1,2,0,0.0
Student_1640,22,Male,Mechanical,B.Tech,5.73,0,4,30,68,77,78,7,1,37,1,1,0,0.0
Student_1641,20,Other,Information Technology,BCA,5.33,2,0,77,58,57,97,0,1,49,1,4,1,13.95
Student_1642,21,Female,Computer Science,B.Tech,8.44,3,3,70,65,37,72,9,5,91,0,0,1,15.68
Student_1643,22,Female,Electrical,B.Tech,7.22,3,2,74,40,94,84,8,4,99,1,0,1,14.56
Student_1644,20,Other,Civil,B.E,6.11,2,3,75,42,54,77,3,5,72,0,0,0,0.0
Student_1645,21,Male,Computer Science,B.Tech,7.19,1,2,31,72,46,54,16,3,53,1,0,0,0.0
Student_1646,21,Other,Civil,B.Tech,7.76,3,3,91,90,64,66,6,3,51,1,1,1,14.29
Student_1647,22,Male,Electronics,B.Tech,7.32,0,4,65,66,96,48,5,4,44,1,2,1,13.42
Student_1648,23,Female,Electronics,MCA,5.85,2,1,78,34,87,45,9,3,53,0,1,0,0.0
Student_1649,23,Male,Electrical,B.Tech,9.29,3,1,32,98,36,71,23,4,64,1,2,1,14.87
Student_1650,20,Male,Electrical,M.Tech,8.4,2,4,83,52,78,75,15,1,77,1,2,1,17.23
Student_1651,20,Female,Information Technology,MCA,7.06,1,5,77,82,76,99,10,0,46,0,2,1,12.99
Student_1652,20,Male,Information Technology,M.Tech,7.1,2,2,55,92,92,46,19,2,32,1,0,1,14.04
Student_1653,22,Other,Civil,B.E,7.76,3,5,95,99,97,50,0,0,69,0,2,1,13.55
Student_1654,20,Male,Electrical,B.E,6.27,0,1,75,38,82,41,8,0,46,0,1,0,0.0
Student_1655,20,Female,Computer Science,B.Tech,7.72,2,4,93,43,75,96,12,0,58,0,2,1,16.02
Student_1656,23,Female,Electrical,B.E,6.07,0,5,87,75,54,84,11,0,79,0,0,0,0.0
Student_1657,23,Male,Electronics,MCA,7.33,0,1,44,83,92,53,16,4,92,0,4,1,12.34
Student_1658,23,Female,Mechanical,BCA,6.23,3,0,99,88,96,97,16,3,67,0,3,1,15.0
Student_1659,21,Female,Computer Science,B.Tech,6.28,1,3,81,68,99,79,10,5,94,0,1,1,13.09
Student_1660,22,Female,Civil,B.Tech,9.05,0,5,43,41,96,63,22,1,48,0,1,1,12.47
Student_1661,22,Male,Civil,MCA,7.46,1,0,85,79,74,56,22,1,79,1,1,1,12.83
Student_1662,20,Male,Mechanical,B.Tech,7.61,0,3,60,76,96,69,11,2,98,1,4,1,13.37
Student_1663,22,Female,Civil,BCA,5.39,3,5,90,62,84,35,21,4,45,1,3,0,0.0
Student_1664,22,Male,Electrical,B.Tech,6.8,3,0,42,74,46,42,15,5,81,0,2,0,0.0
Student_1665,21,Male,Electrical,M.Tech,7.86,0,3,48,44,32,95,3,4,63,1,3,1,15.15
Student_1666,23,Male,Civil,BCA,7.59,0,0,54,86,98,44,2,3,91,1,0,0,0.0
Student_1667,22,Female,Electrical,B.E,5.25,3,1,61,33,59,41,1,5,51,0,4,0,0.0
Student_1668,22,Male,Civil,B.Tech,7.61,3,2,74,88,91,90,5,1,97,0,2,1,17.35
Student_1669,22,Female,Civil,BCA,7.77,3,1,45,88,50,96,7,2,85,0,1,1,13.21
Student_1670,23,Other,Mechanical,B.Tech,8.68,2,0,79,78,55,87,1,1,79,0,3,1,15.02
Student_1671,22,Male,Civil,B.Tech,6.74,3,4,31,87,87,37,14,0,32,0,0,0,0.0
Student_1672,21,Male,Computer Science,B.E,5.16,1,1,53,93,66,88,9,2,35,1,2,0,0.0
Student_1673,23,Female,Mechanical,B.Tech,6.4,3,5,76,41,77,48,14,4,76,0,4,1,15.77
Student_1674,22,Male,Electronics,M.Tech,6.3,3,1,48,68,52,30,12,1,63,1,3,0,0.0
Student_1675,23,Female,Electrical,B.Tech,8.14,0,3,60,75,73,94,6,4,52,0,0,0,0.0
Student_1676,20,Female,Computer Science,B.Tech,5.0,0,4,72,95,64,48,14,3,88,1,2,0,0.0
Student_1677,21,Female,Mechanical,MCA,6.95,2,2,47,81,95,76,22,4,63,1,3,1,13.81
Student_1678,23,Male,Information Technology,B.Tech,8.83,3,2,97,71,64,35,7,1,62,0,2,1,15.81
Student_1679,22,Female,Electrical,B.E,7.41,3,4,89,69,36,43,7,5,52,0,1,1,13.92
Student_1680,23,Female,Electrical,M.Tech,8.3,0,0,97,40,81,91,12,1,98,0,3,1,13.82
Student_1681,20,Male,Information Technology,MCA,5.76,1,4,64,52,96,71,19,2,55,1,2,1,12.36
Student_1682,20,Female,Electrical,B.E,5.8,3,4,54,60,91,99,12,4,48,0,4,1,14.77
Student_1683,23,Female,Electronics,BCA,8.84,0,4,99,91,37,42,19,4,77,0,4,1,14.63
Student_1684,21,Female,Electrical,B.Tech,7.5,2,2,80,90,99,92,1,1,32,1,4,1,15.33
Student_1685,22,Male,Civil,B.Tech,7.5,1,2,85,74,54,91,2,1,71,1,2,0,0.0
Student_1686,21,Male,Computer Science,MCA,6.28,0,3,42,37,88,94,9,2,69,1,3,1,13.16
Student_1687,21,Male,Information Technology,MCA,7.5,0,3,90,80,74,33,5,2,47,1,0,0,0.0
Student_1688,23,Male,Electronics,B.E,6.25,2,5,66,62,98,37,0,0,83,1,3,0,0.0
Student_1689,20,Male,Information Technology,B.E,8.59,3,5,84,75,53,67,5,1,33,1,3,1,15.52
Student_1690,23,Other,Computer Science,B.E,10.0,0,0,87,60,72,38,6,0,98,0,3,1,13.96
Student_1691,23,Male,Electrical,B.Tech,7.88,1,0,37,80,77,34,22,0,89,0,0,0,0.0
Student_1692,22,Female,Electrical,MCA,6.77,0,5,36,45,40,86,18,2,42,0,2,0,0.0
Student_1693,21,Male,Electronics,BCA,5.0,2,2,34,40,84,78,8,0,64,1,1,0,0.0
Student_1694,20,Male,Information Technology,B.E,5.72,3,3,75,45,40,89,22,4,43,1,4,1,12.92
Student_1695,22,Male,Information Technology,B.Tech,8.95,3,0,94,94,87,95,20,4,73,0,2,1,15.76
Student_1696,21,Male,Electrical,B.Tech,6.37,1,0,32,35,38,39,6,1,54,0,3,0,0.0
Student_1697,20,Female,Information Technology,B.Tech,7.03,1,2,39,50,42,88,11,5,64,1,2,1,12.51
Student_1698,21,Female,Computer Science,M.Tech,8.06,1,4,64,53,64,33,22,3,96,1,0,1,12.11
Student_1699,23,Female,Electronics,B.E,8.88,3,4,57,88,42,56,10,1,73,0,3,1,15.24
Student_1700,21,Male,Electronics,B.Tech,7.2,1,5,37,55,35,50,8,1,90,0,3,0,0.0
Student_1701,20,Female,Mechanical,B.E,7.0,0,1,72,92,33,46,21,2,73,1,1,0,0.0
Student_1702,22,Male,Electronics,MCA,7.47,3,1,93,99,50,80,15,5,63,0,3,1,16.37
Student_1703,20,Female,Electrical,B.Tech,6.77,0,3,44,75,64,38,10,0,31,1,1,0,0.0
Student_1704,23,Male,Mechanical,B.E,6.83,3,3,30,54,33,86,20,0,36,1,3,1,12.77
Student_1705,23,Male,Electrical,B.E,7.81,0,0,45,71,39,91,17,2,67,1,1,1,14.11
Student_1706,23,Male,Electronics,B.Tech,7.59,2,2,42,76,72,76,8,5,65,1,3,1,13.08
Student_1707,23,Male,Mechanical,B.E,9.53,1,5,62,37,52,35,10,1,65,1,4,1,13.68
Student_1708,20,Male,Electronics,B.E,7.84,2,0,37,88,83,71,1,4,89,0,2,0,0.0
Student_1709,20,Female,Civil,B.Tech,8.55,1,4,55,60,88,74,2,3,36,0,0,1,12.17
Student_1710,21,Female,Civil,B.Tech,6.33,1,2,38,89,32,56,22,1,76,0,3,0,0.0
Student_1711,21,Female,Information Technology,MCA,7.93,1,3,77,72,96,55,1,5,82,1,4,1,13.51
Student_1712,23,Male,Electrical,B.Tech,6.68,3,3,62,90,77,62,20,0,75,1,3,1,13.25
Student_1713,22,Female,Electrical,B.E,7.8,0,4,35,35,87,99,4,3,46,0,1,1,12.56
Student_1714,22,Male,Electrical,B.E,8.09,0,3,33,32,63,30,12,3,58,1,2,0,0.0
Student_1715,23,Male,Information Technology,BCA,7.45,0,0,64,37,30,65,17,4,33,0,1,0,0.0
Student_1716,22,Male,Civil,M.Tech,9.81,2,1,71,91,91,52,23,5,42,0,3,1,17.1
Student_1717,21,Male,Computer Science,BCA,8.83,2,5,42,99,69,68,8,4,86,0,3,1,13.19
Student_1718,21,Female,Computer Science,B.E,8.58,2,0,52,99,32,30,22,3,73,1,3,1,12.14
Student_1719,22,Male,Electrical,B.Tech,8.16,0,4,72,53,41,94,10,0,90,0,1,1,12.69
Student_1720,20,Male,Computer Science,B.Tech,9.16,3,3,62,48,44,61,20,1,78,1,0,1,14.27
Student_1721,22,Female,Electrical,B.Tech,5.96,3,0,38,54,56,97,2,2,46,0,3,0,0.0
Student_1722,22,Male,Electronics,B.Tech,8.77,3,0,57,87,60,40,6,2,86,0,1,1,14.19
Student_1723,22,Female,Information Technology,B.Tech,6.41,3,5,43,47,59,70,14,0,78,1,4,1,14.1
Student_1724,22,Male,Computer Science,B.Tech,6.84,1,0,94,68,90,77,16,0,43,0,0,0,0.0
Student_1725,23,Female,Civil,B.Tech,7.96,2,0,86,75,96,85,19,2,30,0,4,1,14.72
Student_1726,23,Female,Civil,B.Tech,8.63,1,0,51,55,77,30,8,4,83,0,3,1,14.65
Student_1727,22,Female,Electronics,B.Tech,6.25,2,3,46,63,74,74,14,5,80,1,2,1,9.88
Student_1728,21,Female,Civil,BCA,6.89,1,5,39,76,90,40,14,5,36,0,4,1,12.2
Student_1729,20,Female,Information Technology,B.E,7.5,2,1,81,85,48,59,23,2,62,0,3,0,0.0
Student_1730,23,Female,Mechanical,BCA,7.21,3,4,94,43,69,33,2,5,93,0,0,1,15.82
Student_1731,23,Male,Information Technology,B.E,8.25,2,4,49,65,74,34,0,2,85,1,1,1,10.88
Student_1732,22,Male,Mechanical,MCA,10.0,3,1,74,40,49,83,13,2,87,0,4,1,15.83
Student_1733,23,Female,Computer Science,BCA,7.82,3,0,46,31,96,80,0,1,57,0,3,1,12.71
Student_1734,23,Male,Electronics,B.Tech,6.66,0,2,94,75,46,92,4,3,38,0,0,0,0.0
Student_1735,23,Male,Mechanical,MCA,6.1,3,0,50,63,34,79,12,1,54,0,0,0,0.0
Student_1736,22,Male,Mechanical,B.Tech,7.07,3,0,36,48,52,71,6,2,78,0,4,1,14.16
Student_1737,20,Male,Electronics,B.E,6.46,1,2,91,33,87,38,6,5,88,1,0,1,14.08
Student_1738,20,Male,Mechanical,BCA,7.87,2,4,96,96,56,83,8,3,75,0,4,1,15.0
Student_1739,20,Female,Mechanical,B.Tech,7.85,2,5,57,87,45,46,16,1,32,1,2,1,13.51
Student_1740,21,Female,Information Technology,B.E,6.94,3,3,93,95,91,37,8,4,71,0,4,1,14.41
Student_1741,22,Female,Information Technology,B.Tech,9.38,3,1,47,37,40,81,19,4,43,1,1,1,15.71
Student_1742,21,Male,Mechanical,B.Tech,6.66,0,1,48,30,41,71,3,3,72,1,1,0,0.0
Student_1743,20,Male,Electrical,B.Tech,7.28,0,3,67,45,92,40,2,0,58,0,3,0,0.0
Student_1744,20,Female,Civil,B.Tech,8.04,0,1,72,37,52,68,3,1,67,0,0,0,0.0
Student_1745,23,Male,Mechanical,B.Tech,8.29,2,3,56,62,30,78,22,0,71,1,0,1,11.91
Student_1746,23,Female,Electrical,B.E,8.68,3,4,85,75,60,64,6,5,74,1,3,1,16.47
Student_1747,21,Male,Electrical,B.E,7.83,2,5,85,43,81,80,0,1,30,1,0,1,15.27
Student_1748,23,Other,Mechanical,B.E,8.45,0,0,38,57,82,65,7,2,97,0,4,0,0.0
Student_1749,22,Male,Computer Science,M.Tech,6.73,2,1,99,67,36,54,16,5,70,1,3,1,13.49
Student_1750,23,Female,Mechanical,B.Tech,8.32,1,1,41,52,49,45,8,5,65,0,3,0,0.0
Student_1751,23,Female,Mechanical,B.Tech,8.3,1,3,66,62,73,48,9,1,56,0,2,1,13.33
Student_1752,22,Male,Information Technology,BCA,8.91,3,1,59,71,76,86,2,5,37,1,3,1,16.36
Student_1753,21,Female,Electrical,MCA,5.73,1,5,61,96,73,56,16,4,74,0,4,1,12.68
Student_1754,22,Male,Electrical,B.Tech,6.49,2,5,38,51,53,80,5,3,55,0,0,1,13.86
Student_1755,21,Female,Information Technology,B.Tech,8.22,0,1,54,36,90,55,2,1,93,0,1,0,0.0
Student_1756,21,Female,Electronics,BCA,5.0,1,2,32,90,35,66,17,4,76,0,3,0,0.0
Student_1757,22,Male,Information Technology,MCA,7.89,2,2,98,70,87,72,22,3,60,1,0,1,13.02
Student_1758,22,Male,Information Technology,B.Tech,8.46,2,0,40,63,95,63,14,2,32,0,1,1,13.96
Student_1759,22,Female,Information Technology,B.Tech,6.82,3,5,63,80,77,82,22,3,68,0,0,1,14.45
Student_1760,21,Male,Electronics,B.Tech,6.97,1,4,45,98,60,94,9,1,89,1,0,0,0.0
Student_1761,21,Female,Information Technology,B.E,6.33,3,1,42,38,56,90,12,3,62,0,2,0,0.0
Student_1762,20,Female,Computer Science,MCA,6.88,3,3,57,90,60,94,8,0,75,0,3,1,14.58
Student_1763,22,Female,Electronics,M.Tech,6.91,1,2,97,74,41,32,12,1,38,1,0,1,12.72
Student_1764,22,Male,Mechanical,B.Tech,6.72,0,1,63,70,45,83,21,2,58,0,4,0,0.0
Student_1765,23,Female,Information Technology,B.E,6.66,1,1,97,90,74,80,15,0,85,1,3,0,0.0
Student_1766,22,Female,Mechanical,BCA,7.13,2,0,87,51,68,58,0,5,59,0,3,1,14.69
Student_1767,21,Male,Information Technology,B.E,7.12,3,4,60,85,64,51,13,5,91,1,0,1,11.28
Student_1768,20,Male,Civil,BCA,9.27,2,3,93,69,63,33,9,2,58,1,2,1,14.61
Student_1769,20,Male,Mechanical,B.Tech,7.01,2,5,54,95,35,88,13,3,86,1,4,1,14.09
Student_1770,21,Male,Electrical,B.Tech,7.74,0,0,65,62,90,88,13,1,75,0,1,0,0.0
Student_1771,21,Female,Computer Science,B.E,6.82,2,3,77,80,96,35,14,1,96,0,2,1,12.77
Student_1772,21,Male,Electrical,B.E,6.81,3,3,71,64,47,70,20,5,67,0,2,1,13.41
Student_1773,21,Female,Electronics,MCA,5.7,1,3,88,57,52,68,20,2,62,1,3,1,13.45
Student_1774,23,Male,Computer Science,B.E,5.83,3,5,41,56,74,42,23,5,54,0,4,1,12.89
Student_1775,20,Male,Civil,B.Tech,6.19,0,2,64,94,30,68,14,0,75,0,0,0,0.0
Student_1776,21,Male,Information Technology,B.Tech,7.58,3,0,76,88,37,86,6,0,98,0,0,1,12.89
Student_1777,20,Female,Information Technology,B.E,8.48,3,0,53,45,93,52,4,2,41,0,0,0,0.0
Student_1778,21,Female,Electrical,B.Tech,5.61,2,2,90,90,42,80,20,4,95,0,1,0,0.0
Student_1779,22,Male,Information Technology,M.Tech,6.85,2,1,51,70,70,97,21,2,98,0,1,0,0.0
Student_1780,20,Female,Mechanical,B.Tech,6.03,3,0,51,37,91,61,0,5,83,1,4,1,14.13
Student_1781,21,Male,Information Technology,B.Tech,7.14,1,0,52,83,81,37,5,0,70,0,2,0,0.0
Student_1782,20,Male,Computer Science,B.E,8.48,0,1,77,41,49,50,16,5,90,1,3,1,14.06
Student_1783,23,Male,Computer Science,B.Tech,6.95,3,0,38,91,40,39,3,2,48,1,2,0,0.0
Student_1784,22,Other,Computer Science,M.Tech,7.35,0,2,40,61,80,54,1,1,74,0,4,0,0.0
Student_1785,20,Female,Electronics,B.E,8.86,2,3,84,94,58,75,23,3,86,1,1,1,17.91
Student_1786,20,Female,Electronics,B.E,7.86,1,1,44,63,97,44,2,4,86,0,3,0,0.0
Student_1787,20,Male,Computer Science,M.Tech,6.64,3,0,37,35,75,66,5,5,71,0,1,0,0.0
Student_1788,21,Male,Electronics,BCA,7.56,3,3,48,83,30,99,23,0,56,0,1,0,0.0
Student_1789,23,Female,Information Technology,BCA,6.57,1,0,57,80,47,48,2,4,96,0,4,0,0.0
Student_1790,22,Male,Mechanical,B.Tech,7.82,2,4,32,51,82,91,19,1,77,1,0,1,11.83
Student_1791,23,Female,Electrical,B.Tech,7.92,1,2,88,44,79,51,13,3,83,0,1,1,14.29
Student_1792,21,Female,Civil,M.Tech,6.03,1,2,38,90,81,72,12,2,73,0,1,0,0.0
Student_1793,21,Male,Electrical,B.E,7.58,3,1,58,84,46,40,19,4,91,0,0,0,0.0
Student_1794,21,Female,Information Technology,B.E,7.28,1,1,44,50,47,48,0,2,63,0,3,0,0.0
Student_1795,20,Other,Information Technology,B.E,7.94,3,0,50,79,44,90,1,1,68,1,1,1,13.6
Student_1796,23,Male,Civil,BCA,8.23,2,3,33,46,78,71,4,2,86,0,2,0,0.0
Student_1797,20,Female,Information Technology,B.Tech,7.88,3,0,96,42,30,69,11,4,66,1,1,1,13.59
Student_1798,21,Female,Electrical,B.E,7.1,2,4,95,76,86,65,23,5,47,0,4,1,14.65
Student_1799,22,Male,Electronics,B.Tech,8.33,3,1,38,88,49,47,1,0,83,0,2,1,11.8
Student_1800,20,Female,Information Technology,B.Tech,6.53,1,3,43,94,64,95,10,3,56,0,3,1,13.64
Student_1801,21,Male,Electrical,M.Tech,6.08,1,3,91,62,47,57,10,0,37,0,3,1,11.74
Student_1802,21,Female,Mechanical,B.E,5.0,1,3,59,40,59,30,4,3,56,0,4,0,0.0
Student_1803,21,Female,Civil,B.Tech,7.33,0,4,34,68,83,93,8,3,33,1,3,0,0.0
Student_1804,20,Female,Electronics,MCA,6.58,0,3,39,77,43,33,4,5,91,1,4,0,0.0
Student_1805,20,Male,Computer Science,BCA,7.8,1,5,58,97,69,92,3,1,98,1,3,1,15.12
Student_1806,20,Female,Civil,B.E,5.43,3,1,69,37,34,48,12,4,48,1,0,0,0.0
Student_1807,21,Male,Computer Science,MCA,6.75,3,4,74,75,42,34,22,4,94,1,0,1,13.22
Student_1808,20,Male,Mechanical,B.Tech,7.87,2,2,40,65,77,45,9,3,79,0,3,0,0.0
Student_1809,23,Male,Electronics,BCA,6.37,1,3,55,71,69,75,15,3,96,0,0,0,0.0
Student_1810,20,Female,Civil,B.Tech,7.81,2,2,48,36,72,68,16,3,41,0,0,0,0.0
Student_1811,22,Male,Electrical,B.Tech,6.84,3,5,67,31,45,40,20,0,34,1,3,0,0.0
Student_1812,22,Male,Electronics,B.Tech,7.37,0,1,52,72,44,51,19,4,94,1,1,0,0.0
Student_1813,21,Female,Electrical,B.Tech,8.0,3,3,44,43,59,44,21,2,48,0,1,0,0.0
Student_1814,23,Male,Computer Science,B.E,8.35,3,0,87,72,39,75,19,0,71,0,0,1,15.36
Student_1815,20,Male,Computer Science,B.Tech,7.49,3,3,69,31,92,90,22,3,93,1,1,1,15.14
Student_1816,20,Male,Electrical,B.E,6.59,0,0,63,86,48,47,23,5,54,1,4,0,0.0
Student_1817,21,Male,Mechanical,B.Tech,6.94,3,2,39,53,80,92,17,4,36,0,2,1,14.19
Student_1818,20,Female,Electronics,B.Tech,8.04,2,0,34,61,40,58,11,1,85,0,4,0,0.0
Student_1819,21,Male,Computer Science,MCA,6.38,2,1,85,54,75,35,7,4,61,1,3,1,12.9
Student_1820,21,Male,Information Technology,M.Tech,7.22,0,2,97,59,44,52,13,5,31,1,1,0,0.0
Student_1821,23,Female,Civil,MCA,7.01,1,1,70,67,49,91,19,1,53,0,0,1,13.47
Student_1822,21,Female,Civil,B.E,7.3,1,2,32,75,58,86,18,3,67,0,4,1,14.77
Student_1823,23,Female,Electrical,B.Tech,6.39,3,0,63,78,38,80,12,5,91,1,4,1,14.87
Student_1824,23,Female,Electronics,B.E,5.55,1,4,49,99,38,57,1,0,45,1,0,0,0.0
Student_1825,23,Female,Electronics,B.E,7.92,0,4,33,42,82,84,6,2,66,0,1,0,0.0
Student_1826,20,Male,Computer Science,B.Tech,8.36,3,2,39,91,54,79,13,2,42,1,3,1,13.96
Student_1827,23,Female,Computer Science,MCA,5.61,0,0,64,72,69,85,9,0,50,1,4,0,0.0
Student_1828,22,Female,Electronics,B.E,7.77,3,0,59,51,75,69,10,1,48,0,4,0,0.0
Student_1829,23,Male,Mechanical,M.Tech,8.48,3,4,69,94,73,65,7,3,66,0,1,1,14.64
Student_1830,21,Male,Computer Science,B.E,8.0,1,5,78,79,73,97,1,1,76,0,4,1,15.73
Student_1831,23,Male,Electronics,B.E,6.98,2,5,48,42,98,96,11,1,37,1,3,1,13.51
Student_1832,22,Female,Mechanical,B.Tech,6.46,3,2,50,42,74,67,10,1,35,1,2,0,0.0
Student_1833,20,Female,Civil,MCA,7.48,2,2,77,76,54,44,18,0,81,0,1,0,0.0
Student_1834,21,Female,Electrical,B.Tech,7.65,2,0,43,81,49,58,2,3,50,0,4,0,0.0
Student_1835,20,Male,Electronics,B.Tech,7.5,0,0,35,33,86,65,11,1,73,1,4,0,0.0
Student_1836,23,Male,Electronics,B.Tech,7.22,2,4,89,73,59,77,20,3,35,1,4,1,14.84
Student_1837,21,Male,Electrical,B.E,6.32,2,2,44,67,69,52,6,4,72,1,2,0,0.0
Student_1838,20,Male,Civil,MCA,7.82,2,2,38,97,87,33,7,2,93,0,1,0,0.0
Student_1839,22,Female,Information Technology,MCA,7.87,3,2,81,81,46,87,2,5,60,0,4,1,15.8
Student_1840,21,Female,Civil,M.Tech,7.6,3,1,67,93,45,96,13,1,70,0,1,1,13.86
Student_1841,20,Female,Computer Science,MCA,7.51,2,5,40,32,33,35,20,5,50,0,3,0,0.0
Student_1842,23,Female,Electronics,M.Tech,9.08,1,4,89,83,35,52,11,1,50,1,2,1,13.81
Student_1843,23,Female,Information Technology,B.Tech,6.78,1,4,47,53,73,60,10,1,34,0,2,0,0.0
Student_1844,22,Male,Electrical,B.E,8.68,0,2,77,68,65,83,17,5,63,1,1,1,15.7
Student_1845,22,Male,Computer Science,B.Tech,6.67,2,4,75,91,50,84,10,2,96,0,1,1,16.43
Student_1846,21,Male,Electrical,B.Tech,8.51,1,2,88,90,44,54,9,4,38,1,3,1,13.73
Student_1847,22,Male,Information Technology,B.Tech,8.63,3,3,81,45,78,51,18,4,59,1,1,1,15.67
Student_1848,22,Male,Computer Science,B.Tech,7.11,3,0,79,46,35,58,6,2,88,0,3,1,15.0
Student_1849,20,Male,Mechanical,MCA,9.06,3,4,33,80,79,46,20,1,64,0,4,1,13.11
Student_1850,20,Female,Civil,MCA,7.87,3,0,95,91,93,60,6,2,83,0,0,1,13.17
Student_1851,21,Male,Computer Science,B.Tech,6.52,1,4,38,72,61,48,12,2,56,0,4,0,0.0
Student_1852,21,Female,Computer Science,M.Tech,7.03,1,3,47,33,64,34,6,2,72,0,0,0,0.0
Student_1853,20,Female,Computer Science,B.Tech,8.53,2,0,61,41,67,79,15,1,99,0,0,1,14.37
Student_1854,20,Female,Electronics,B.Tech,8.32,1,3,50,82,36,85,10,5,71,0,4,1,13.66
Student_1855,23,Female,Computer Science,B.Tech,6.34,1,1,71,81,73,50,5,3,85,0,1,1,12.42
Student_1856,21,Male,Civil,B.Tech,7.26,2,2,33,92,55,58,17,4,78,0,3,0,0.0
Student_1857,22,Female,Computer Science,B.Tech,7.6,1,0,61,67,62,58,22,3,36,0,0,0,0.0
Student_1858,22,Male,Civil,B.Tech,6.89,3,4,54,59,31,31,0,2,41,1,0,0,0.0
Student_1859,22,Female,Electrical,B.Tech,9.76,0,3,75,37,91,68,13,1,72,1,1,0,0.0
Student_1860,22,Male,Civil,B.Tech,7.63,1,2,66,84,53,62,17,5,54,0,2,1,9.92
Student_1861,21,Male,Electrical,MCA,7.34,2,5,82,96,35,95,17,0,63,0,1,1,14.5
Student_1862,23,Female,Electrical,B.Tech,8.59,3,3,41,33,84,56,5,1,63,0,1,1,12.63
Student_1863,21,Female,Computer Science,B.Tech,7.03,2,3,96,64,98,85,2,4,85,1,4,1,14.87
Student_1864,23,Male,Electronics,B.E,8.41,0,0,57,54,66,57,12,3,99,1,0,1,11.8
Student_1865,21,Female,Civil,B.Tech,5.73,1,3,54,82,32,42,15,3,99,1,0,0,0.0
Student_1866,20,Male,Electronics,B.E,6.95,3,4,68,83,99,54,6,0,35,0,0,0,0.0
Student_1867,23,Female,Civil,B.Tech,8.45,1,5,41,45,44,91,8,1,82,0,4,1,14.75
Student_1868,20,Male,Civil,B.E,8.97,1,3,87,96,46,47,12,3,80,0,2,1,15.24
Student_1869,23,Male,Electrical,B.E,6.63,0,1,48,39,79,89,10,1,90,1,4,0,0.0
Student_1870,20,Male,Information Technology,M.Tech,6.51,2,4,94,84,53,76,11,2,59,0,4,1,14.18
Student_1871,20,Male,Electronics,B.E,7.97,0,0,40,81,35,82,16,5,65,1,1,1,13.15
Student_1872,22,Male,Computer Science,B.Tech,6.78,1,1,90,41,77,82,23,3,61,0,3,1,14.44
Student_1873,23,Male,Information Technology,B.Tech,7.13,2,5,57,77,48,66,19,3,56,1,2,1,11.55
Student_1874,21,Male,Information Technology,B.Tech,8.28,3,4,72,48,90,72,0,1,47,1,2,1,16.87
Student_1875,20,Male,Electronics,B.E,6.86,0,5,91,49,40,34,8,3,75,0,2,1,13.41
Student_1876,20,Male,Electronics,B.Tech,5.43,1,2,39,36,93,78,0,5,31,0,3,0,0.0
Student_1877,23,Male,Electrical,B.Tech,6.1,0,4,54,82,80,79,20,3,82,1,1,0,0.0
Student_1878,22,Female,Civil,M.Tech,7.41,1,4,96,86,46,37,15,4,88,1,0,1,12.91
Student_1879,20,Female,Civil,B.Tech,5.54,3,1,40,65,70,66,5,5,45,0,3,0,0.0
Student_1880,21,Male,Computer Science,B.Tech,7.1,1,5,37,84,95,65,20,5,44,0,4,1,13.2
Student_1881,21,Female,Electronics,M.Tech,6.01,1,5,66,54,34,51,13,2,65,1,2,0,0.0
Student_1882,20,Male,Civil,B.Tech,9.04,1,0,31,69,87,34,1,1,89,1,0,1,11.01
Student_1883,23,Male,Information Technology,BCA,9.57,3,4,99,85,62,30,3,1,37,0,0,1,14.38
Student_1884,22,Female,Electronics,MCA,6.34,2,2,93,60,96,44,19,4,60,1,2,1,13.29
Student_1885,20,Female,Civil,MCA,7.66,2,4,43,73,44,46,6,2,45,0,4,0,0.0
Student_1886,22,Female,Civil,B.Tech,6.44,3,3,42,40,80,44,12,4,89,0,3,1,12.48
Student_1887,21,Male,Electrical,B.Tech,7.09,2,1,84,65,97,72,21,4,91,1,1,1,15.82
Student_1888,20,Female,Electronics,B.E,9.2,2,0,66,89,54,59,6,3,35,1,3,1,14.12
Student_1889,21,Male,Electronics,B.E,6.93,2,3,87,84,37,37,0,0,40,0,0,0,0.0
Student_1890,20,Male,Electronics,B.E,7.11,2,5,97,51,57,35,2,4,41,1,2,1,11.92
Student_1891,20,Male,Civil,B.Tech,6.46,0,4,58,68,71,75,21,1,86,0,4,1,11.83
Student_1892,23,Other,Electronics,B.Tech,8.55,1,1,47,73,74,95,14,3,93,1,3,1,12.77
Student_1893,22,Male,Electronics,B.Tech,5.0,3,5,73,95,63,87,7,1,56,1,0,0,0.0
Student_1894,20,Female,Information Technology,B.Tech,6.96,0,2,74,88,95,83,1,0,41,1,1,0,0.0
Student_1895,23,Female,Electronics,B.Tech,7.35,3,3,60,87,70,52,16,3,76,0,0,0,0.0
Student_1896,22,Female,Information Technology,MCA,6.74,2,1,50,82,74,79,0,2,92,0,2,0,0.0
Student_1897,23,Female,Mechanical,B.Tech,8.26,1,3,48,55,96,35,2,3,93,0,1,0,0.0
Student_1898,22,Female,Electrical,B.E,8.6,0,3,66,56,95,41,14,2,61,1,4,0,0.0
Student_1899,21,Male,Civil,MCA,5.99,3,4,59,62,53,39,15,2,84,0,1,1,13.33
Student_1900,22,Male,Electronics,B.Tech,9.49,0,2,62,59,50,42,13,0,96,1,0,0,0.0
Student_1901,22,Female,Electrical,B.E,5.98,2,3,36,97,82,55,21,1,87,1,2,0,0.0
Student_1902,22,Male,Electrical,M.Tech,8.69,0,3,91,91,66,33,6,5,63,0,3,1,15.25
Student_1903,20,Male,Electronics,B.Tech,7.55,3,2,79,92,61,86,13,4,48,1,3,1,16.33
Student_1904,21,Male,Civil,B.E,6.9,0,3,94,72,78,80,7,2,56,0,4,1,14.44
Student_1905,20,Male,Electronics,BCA,6.99,3,0,88,43,76,74,8,0,55,1,1,0,0.0
Student_1906,21,Male,Electrical,M.Tech,7.37,2,5,73,40,93,42,3,5,99,0,2,1,13.49
Student_1907,20,Male,Electronics,BCA,7.61,0,0,51,49,55,90,19,4,81,1,2,1,13.96
Student_1908,20,Female,Information Technology,MCA,6.48,2,5,75,75,82,30,16,0,90,0,0,0,0.0
Student_1909,23,Male,Computer Science,B.Tech,7.17,3,4,69,55,45,99,17,1,84,1,0,1,15.54
Student_1910,20,Other,Electrical,M.Tech,6.63,0,5,94,75,95,80,3,1,63,1,3,1,12.87
Student_1911,23,Female,Information Technology,B.E,6.18,3,0,46,91,35,44,2,5,85,1,1,1,10.68
Student_1912,20,Male,Civil,M.Tech,6.58,3,1,31,53,82,43,18,5,74,1,3,1,13.02
Student_1913,23,Female,Computer Science,M.Tech,6.25,2,0,38,94,37,78,15,2,81,1,4,0,0.0
Student_1914,21,Female,Mechanical,M.Tech,6.98,1,2,42,65,91,86,0,1,51,1,1,1,11.07
Student_1915,22,Female,Electronics,MCA,7.83,0,5,76,86,97,62,15,3,46,1,3,1,15.0
Student_1916,21,Male,Electronics,B.Tech,7.52,1,4,40,34,87,34,23,1,42,0,1,0,0.0
Student_1917,21,Male,Information Technology,M.Tech,9.37,3,4,39,49,85,64,18,0,50,1,3,1,13.85
Student_1918,21,Male,Computer Science,B.Tech,5.19,2,5,57,95,63,63,6,1,98,0,0,0,0.0
Student_1919,22,Female,Electronics,B.E,7.87,2,0,84,92,47,52,7,1,95,0,1,0,0.0
Student_1920,21,Other,Electronics,BCA,7.41,3,4,59,69,98,93,18,0,40,1,2,1,14.77
Student_1921,22,Female,Civil,BCA,8.22,1,1,49,32,67,53,9,4,68,0,2,0,0.0
Student_1922,23,Female,Electronics,B.Tech,8.12,0,4,49,34,87,47,17,2,95,0,0,0,0.0
Student_1923,21,Other,Information Technology,B.E,7.24,3,4,87,59,79,77,23,3,82,0,4,1,15.27
Student_1924,21,Female,Information Technology,B.Tech,7.57,2,4,60,92,79,73,9,3,72,0,0,1,13.14
Student_1925,20,Male,Mechanical,B.Tech,6.66,2,2,55,56,54,73,13,4,71,1,4,1,12.37
Student_1926,21,Female,Electronics,B.Tech,8.01,2,3,84,91,59,65,11,4,52,1,1,1,13.71
Student_1927,20,Male,Electrical,MCA,5.52,3,2,55,67,60,52,12,3,94,1,3,1,12.86
Student_1928,20,Male,Electronics,B.Tech,8.18,3,3,54,39,72,48,1,5,35,1,3,1,14.52
Student_1929,23,Male,Mechanical,MCA,7.38,2,2,82,69,80,38,23,3,90,1,2,1,14.24
Student_1930,20,Female,Computer Science,B.Tech,6.91,3,2,52,55,43,42,12,0,90,0,2,0,0.0
Student_1931,21,Male,Information Technology,M.Tech,7.17,1,1,65,45,45,70,5,5,48,1,0,1,11.57
Student_1932,23,Male,Electrical,B.E,7.24,2,2,76,77,33,58,13,4,65,0,4,0,0.0
Student_1933,23,Male,Electronics,M.Tech,8.7,3,4,44,44,66,81,9,2,91,1,0,1,12.78
Student_1934,20,Male,Electronics,B.E,10.0,0,5,38,93,76,86,19,2,63,0,3,1,14.32
Student_1935,20,Male,Mechanical,M.Tech,8.62,2,0,89,86,44,69,18,5,51,1,0,1,13.5
Student_1936,21,Female,Computer Science,MCA,6.83,2,1,50,84,79,37,9,2,34,1,3,0,0.0
Student_1937,22,Female,Mechanical,B.E,8.03,2,3,53,35,30,30,17,2,60,1,1,1,11.4
Student_1938,23,Male,Electronics,B.Tech,8.07,3,4,71,97,90,45,0,4,49,0,2,1,15.92
Student_1939,20,Male,Computer Science,B.Tech,6.47,1,1,37,64,78,49,23,1,89,0,0,0,0.0
Student_1940,20,Male,Electronics,M.Tech,6.14,0,1,33,81,77,35,12,2,90,1,1,0,0.0
Student_1941,21,Male,Electronics,B.E,7.34,0,0,59,43,79,84,15,4,52,0,2,0,0.0
Student_1942,23,Female,Information Technology,B.E,8.21,3,0,97,83,55,55,15,1,44,1,3,1,15.54
Student_1943,20,Female,Mechanical,B.E,5.79,2,0,70,52,99,81,7,0,50,0,2,0,0.0
Student_1944,21,Female,Civil,B.Tech,6.68,2,4,70,79,82,44,16,2,58,1,1,1,12.28
Student_1945,20,Male,Information Technology,BCA,7.97,1,5,72,49,42,30,9,1,76,0,2,1,13.36
Student_1946,20,Female,Electrical,M.Tech,7.44,1,2,90,95,94,39,16,2,40,0,1,0,0.0
Student_1947,23,Male,Mechanical,M.Tech,8.82,3,1,88,79,81,62,2,0,99,0,2,1,13.89
Student_1948,20,Male,Civil,M.Tech,5.99,2,5,31,61,51,63,3,3,79,1,2,0,0.0
Student_1949,21,Female,Computer Science,MCA,9.75,3,1,67,61,96,60,22,3,39,0,1,1,15.42
Student_1950,23,Female,Civil,B.E,5.86,3,0,68,30,47,97,17,1,52,0,1,0,0.0
Student_1951,22,Female,Electronics,MCA,5.37,3,0,45,50,75,75,3,3,79,0,2,0,0.0
Student_1952,20,Female,Civil,B.Tech,7.34,2,2,98,85,76,81,5,0,65,1,2,1,14.56
Student_1953,21,Female,Civil,B.E,6.27,0,4,48,88,97,38,13,0,66,0,4,0,0.0
Student_1954,23,Female,Information Technology,M.Tech,7.36,2,2,88,99,69,62,0,2,32,1,2,1,13.63
Student_1955,21,Male,Information Technology,B.E,7.33,2,2,37,36,99,73,9,0,58,1,2,1,11.41
Student_1956,22,Male,Computer Science,B.Tech,7.2,2,2,72,47,49,70,7,5,73,1,2,1,15.1
Student_1957,22,Male,Mechanical,B.E,6.56,0,5,81,83,86,96,3,1,82,0,4,1,13.06
Student_1958,22,Male,Civil,B.Tech,7.83,3,4,65,55,47,63,7,2,61,1,1,1,13.45
Student_1959,20,Male,Electronics,MCA,7.08,3,3,37,47,99,56,7,1,68,1,1,1,12.49
Student_1960,23,Male,Computer Science,B.Tech,8.5,1,2,38,49,83,96,1,2,45,0,1,0,0.0
Student_1961,23,Female,Information Technology,B.Tech,7.22,1,3,72,94,73,53,15,0,85,0,3,1,13.05
Student_1962,20,Female,Electronics,B.E,6.44,0,5,90,90,34,69,6,5,78,0,3,1,12.75
Student_1963,23,Female,Electrical,B.Tech,5.71,3,3,71,30,64,31,0,1,82,1,2,0,0.0
Student_1964,23,Male,Computer Science,B.Tech,7.23,0,4,37,88,40,41,0,2,76,0,1,0,0.0
Student_1965,22,Female,Electronics,B.E,6.13,1,0,84,68,94,34,23,5,98,1,3,1,12.77
Student_1966,21,Male,Mechanical,B.E,6.05,1,5,62,89,56,59,2,2,91,1,1,0,0.0
Student_1967,21,Male,Information Technology,B.Tech,7.93,1,5,35,73,88,95,21,4,86,1,4,1,14.74
Student_1968,23,Male,Electrical,B.E,5.62,2,4,55,78,93,34,3,0,53,1,3,0,0.0
Student_1969,20,Male,Electrical,B.E,8.81,3,5,44,70,37,98,2,1,34,1,2,1,14.48
Student_1970,23,Male,Electronics,BCA,7.56,3,3,99,81,83,90,13,4,30,1,1,1,17.41
Student_1971,23,Female,Civil,B.Tech,7.36,2,1,93,87,51,30,20,1,84,1,3,0,0.0
Student_1972,22,Female,Civil,B.Tech,6.37,0,3,37,65,37,31,1,2,92,1,3,0,0.0
Student_1973,21,Female,Civil,MCA,8.16,3,3,70,37,48,93,7,0,75,0,4,1,15.77
Student_1974,22,Male,Information Technology,B.E,7.4,1,0,30,36,68,70,18,3,80,1,3,0,0.0
Student_1975,20,Female,Computer Science,B.Tech,6.71,3,1,62,59,89,42,1,2,36,0,3,1,12.87
Student_1976,23,Female,Electronics,BCA,7.6,1,1,40,63,78,96,4,5,69,0,0,1,12.49
Student_1977,21,Male,Computer Science,B.Tech,5.72,2,3,82,90,46,69,7,2,72,1,0,0,0.0
Student_1978,20,Female,Information Technology,BCA,5.76,1,0,35,32,50,74,19,4,40,1,3,0,0.0
Student_1979,23,Male,Mechanical,M.Tech,6.28,1,4,93,92,51,77,19,5,82,0,0,1,15.07
Student_1980,22,Male,Mechanical,MCA,7.75,0,0,46,33,81,44,17,5,53,0,4,0,0.0
Student_1981,22,Male,Information Technology,MCA,7.4,2,5,48,64,66,55,15,4,43,0,4,1,15.57
Student_1982,20,Male,Computer Science,B.Tech,8.45,1,4,92,59,31,39,0,3,78,1,2,1,13.99
Student_1983,23,Male,Information Technology,BCA,6.48,3,2,93,69,35,67,5,2,60,1,3,1,15.65
Student_1984,22,Male,Electronics,B.Tech,7.97,1,2,36,32,35,99,22,0,67,0,2,0,0.0
Student_1985,23,Male,Civil,B.E,7.29,3,4,37,83,97,73,17,0,67,0,4,1,11.3
Student_1986,23,Female,Electronics,B.E,6.46,1,0,89,39,65,78,5,2,73,1,0,0,0.0
Student_1987,20,Male,Information Technology,B.Tech,7.79,1,4,98,84,64,43,16,3,58,1,1,1,13.59
Student_1988,20,Male,Mechanical,B.Tech,7.33,0,3,64,69,83,67,17,0,87,1,3,0,0.0
Student_1989,23,Male,Computer Science,B.Tech,6.77,2,1,41,92,43,99,17,5,91,0,3,1,14.24
Student_1990,22,Female,Information Technology,B.Tech,7.44,0,5,40,98,32,36,23,5,63,1,1,1,11.52
Student_1991,21,Female,Computer Science,B.Tech,7.27,1,3,48,89,48,44,12,0,41,0,4,0,0.0
Student_1992,21,Female,Mechanical,MCA,7.25,3,0,77,61,44,80,1,0,49,0,2,0,0.0
Student_1993,22,Male,Electronics,B.E,6.99,2,3,36,59,85,30,19,5,84,0,4,1,12.66
Student_1994,23,Male,Mechanical,BCA,6.1,2,2,74,76,87,44,0,1,47,0,1,0,0.0
Student_1995,20,Female,Mechanical,BCA,7.47,3,4,86,75,74,96,15,1,84,0,3,1,15.23
Student_1996,22,Male,Electronics,M.Tech,6.6,3,2,40,85,93,31,19,1,76,1,1,0,0.0
Student_1997,23,Female,Electrical,B.Tech,6.38,3,5,98,63,62,60,3,4,61,1,0,1,14.55
Student_1998,21,Female,Electrical,MCA,7.16,2,5,99,62,46,53,19,0,38,1,3,1,14.77
Student_1999,21,Male,Computer Science,M.Tech,8.13,1,0,50,38,53,57,19,1,67,1,3,0,0.0
Student_2000,23,Other,Electrical,M.Tech,7.59,0,2,37,41,39,48,15,2,78,1,1,0,0.0
Student_2001,20,Female,Information Technology,MCA,6.87,1,1,52,87,93,49,7,3,40,0,3,1,14.24
Student_2002,21,Male,Information Technology,B.E,6.83,2,2,48,99,72,83,4,5,87,0,4,1,15.66
Student_2003,21,Male,Mechanical,B.E,8.04,1,0,49,72,84,31,16,1,43,0,1,0,0.0
Student_2004,23,Male,Computer Science,MCA,5.0,2,3,94,54,49,39,3,1,58,1,2,0,0.0
Student_2005,20,Female,Electronics,B.E,8.2,0,0,40,34,80,48,16,3,67,1,1,0,0.0
Student_2006,21,Male,Information Technology,BCA,5.53,0,3,52,33,53,87,4,2,81,1,2,0,0.0
Student_2007,20,Male,Electronics,B.Tech,5.98,1,2,85,77,61,57,8,3,45,0,4,0,0.0
Student_2008,23,Female,Civil,B.Tech,6.89,0,5,34,74,75,32,12,1,53,1,3,0,0.0
Student_2009,22,Male,Electrical,B.E,9.57,3,5,34,49,98,66,3,3,86,0,0,1,16.8
Student_2010,21,Male,Information Technology,B.Tech,9.08,1,3,51,43,69,73,19,5,53,0,3,1,16.32
Student_2011,21,Female,Mechanical,MCA,8.11,1,2,97,34,79,62,16,4,73,0,2,1,13.43
Student_2012,20,Male,Electronics,B.Tech,7.76,1,4,88,77,71,36,0,4,57,1,0,1,12.61
Student_2013,23,Male,Electronics,M.Tech,5.54,1,4,94,72,59,91,20,0,33,1,3,1,11.41
Student_2014,22,Male,Mechanical,B.Tech,7.56,3,0,90,53,95,90,17,5,66,1,1,1,13.11
Student_2015,21,Male,Electrical,MCA,6.85,2,2,38,81,97,93,20,4,55,0,4,1,13.88
Student_2016,21,Male,Electronics,B.Tech,6.58,0,5,58,89,51,97,14,3,48,1,4,0,0.0
Student_2017,22,Female,Computer Science,B.Tech,7.55,0,1,67,66,92,52,15,0,90,0,3,0,0.0
Student_2018,22,Female,Electrical,B.Tech,6.93,0,0,41,48,61,59,9,3,84,0,3,0,0.0
Student_2019,21,Male,Electrical,B.E,8.27,1,5,99,30,81,97,5,4,49,1,1,1,15.22
Student_2020,21,Female,Information Technology,MCA,5.46,2,5,72,85,66,61,5,3,66,1,0,1,12.13
Student_2021,22,Female,Mechanical,MCA,7.48,3,3,89,70,83,90,7,0,80,1,0,1,16.07
Student_2022,22,Female,Electrical,B.Tech,6.52,1,3,48,54,91,75,6,0,33,0,2,0,0.0
Student_2023,22,Female,Mechanical,B.E,6.99,0,2,80,30,59,94,18,2,36,1,1,0,0.0
Student_2024,20,Female,Electronics,B.Tech,7.7,0,2,37,86,79,30,12,4,67,0,4,1,10.75
Student_2025,21,Female,Electrical,B.E,6.28,1,5,31,94,65,79,9,2,95,1,1,1,11.3
Student_2026,22,Male,Civil,B.E,7.56,1,5,74,63,85,86,17,4,94,0,1,1,14.43
Student_2027,23,Male,Mechanical,B.Tech,7.19,2,2,34,48,43,43,17,5,61,1,4,1,12.08
Student_2028,22,Male,Computer Science,B.E,6.74,0,1,49,73,81,81,22,5,79,0,4,1,13.97
Student_2029,21,Male,Electronics,MCA,6.93,0,1,85,90,71,43,7,3,64,1,1,0,0.0
Student_2030,22,Female,Civil,B.Tech,7.25,2,0,64,71,61,93,5,4,93,1,0,0,0.0
Student_2031,20,Male,Information Technology,B.Tech,6.63,1,2,56,30,55,93,0,0,69,1,0,0,0.0
Student_2032,20,Male,Mechanical,B.Tech,7.41,1,3,50,43,79,30,3,0,92,0,2,0,0.0
Student_2033,22,Male,Mechanical,B.Tech,7.12,0,4,76,36,54,65,14,4,55,0,4,1,12.65
Student_2034,23,Male,Computer Science,B.Tech,6.79,0,4,96,58,32,56,19,4,95,0,1,0,0.0
Student_2035,23,Female,Mechanical,B.E,8.99,1,2,81,61,96,92,14,1,80,0,0,1,13.72
Student_2036,22,Female,Civil,B.Tech,7.82,1,1,55,67,61,52,23,3,83,1,1,1,13.1
Student_2037,20,Male,Information Technology,M.Tech,7.02,3,5,59,83,41,80,15,1,31,1,0,1,13.65
Student_2038,23,Male,Mechanical,MCA,7.55,3,4,37,37,45,38,21,0,86,0,2,0,0.0
Student_2039,21,Male,Civil,MCA,6.37,1,3,40,95,88,44,6,2,41,1,2,0,0.0
Student_2040,21,Male,Computer Science,M.Tech,6.96,1,0,48,48,53,98,7,2,95,1,3,0,0.0
Student_2041,23,Female,Mechanical,B.Tech,7.08,1,2,57,66,49,56,19,4,43,0,0,0,0.0
Student_2042,22,Female,Information Technology,B.Tech,6.15,2,3,99,44,64,83,15,5,87,1,2,1,14.65
Student_2043,22,Male,Electronics,B.Tech,7.79,1,5,90,54,32,97,11,5,74,1,0,1,15.4
Student_2044,21,Male,Mechanical,MCA,6.89,3,3,37,88,69,97,22,0,57,0,2,1,11.01
Student_2045,23,Female,Computer Science,MCA,7.04,3,2,53,33,32,31,18,5,92,1,4,1,13.88
Student_2046,21,Female,Computer Science,B.Tech,6.83,1,2,33,63,88,46,7,3,57,1,3,1,11.07
Student_2047,22,Male,Electronics,B.Tech,10.0,0,2,34,70,60,80,14,1,34,0,4,0,0.0
Student_2048,23,Male,Electrical,B.E,6.74,0,0,56,69,45,94,9,3,35,0,0,0,0.0
Student_2049,22,Male,Computer Science,B.Tech,5.33,3,0,97,56,61,98,9,0,89,1,3,1,14.27
Student_2050,20,Female,Civil,MCA,5.8,1,4,42,56,42,80,19,2,56,1,4,0,0.0
Student_2051,21,Male,Computer Science,B.Tech,8.16,1,2,77,93,52,37,16,4,87,0,3,1,14.5
Student_2052,21,Male,Electronics,B.Tech,8.74,2,5,57,46,39,81,0,5,31,0,3,1,13.71
Student_2053,23,Other,Electronics,B.Tech,6.72,3,2,67,63,76,49,13,1,35,1,0,0,0.0
Student_2054,22,Female,Electronics,B.Tech,8.68,1,5,90,55,98,86,15,1,99,0,3,1,16.4
Student_2055,21,Male,Computer Science,B.Tech,8.14,1,1,88,83,63,68,12,3,40,1,4,1,14.6
Student_2056,22,Male,Civil,MCA,7.21,3,1,87,86,36,42,7,0,78,0,1,0,0.0
Student_2057,22,Male,Information Technology,B.Tech,7.14,0,3,58,89,35,89,15,5,54,1,2,1,11.42
Student_2058,21,Female,Civil,B.E,7.58,3,4,33,35,88,99,22,1,65,0,2,1,12.52
Student_2059,21,Male,Mechanical,B.Tech,8.28,2,0,98,36,54,65,2,1,38,1,0,0,0.0
Student_2060,23,Female,Mechanical,B.Tech,7.8,0,3,99,56,50,86,14,1,48,0,0,1,14.96
Student_2061,22,Female,Information Technology,B.Tech,6.72,0,1,90,60,37,34,21,2,83,1,1,0,0.0
Student_2062,20,Male,Mechanical,B.Tech,7.23,2,4,63,34,76,48,9,4,67,0,0,0,0.0
Student_2063,22,Female,Electrical,B.Tech,9.38,3,3,49,92,34,38,8,5,65,0,2,1,14.55
Student_2064,22,Male,Electrical,B.Tech,7.65,0,3,42,92,93,49,5,4,96,0,0,0,0.0
Student_2065,22,Male,Electrical,BCA,8.27,2,1,55,59,44,56,5,3,58,1,0,0,0.0
Student_2066,22,Female,Information Technology,M.Tech,7.94,3,1,53,83,34,60,9,1,86,1,3,1,12.53
Student_2067,23,Male,Mechanical,MCA,7.67,2,3,49,69,79,52,18,5,80,0,1,1,13.35
Student_2068,21,Male,Electronics,B.Tech,7.51,2,2,96,75,54,68,4,5,62,0,1,1,13.76
Student_2069,21,Male,Electrical,M.Tech,8.3,0,4,76,91,78,45,5,3,50,1,1,0,0.0
Student_2070,20,Male,Electrical,M.Tech,8.12,2,0,45,36,32,54,23,4,54,1,2,1,14.35
Student_2071,22,Male,Electrical,B.Tech,7.66,2,1,74,46,90,88,23,1,91,1,2,1,14.02
Student_2072,21,Female,Computer Science,B.Tech,6.71,0,0,79,59,51,69,5,2,51,0,0,0,0.0
Student_2073,21,Female,Information Technology,B.E,7.79,1,0,66,92,82,31,10,4,75,1,0,1,11.52
Student_2074,22,Female,Civil,BCA,7.33,3,1,96,71,95,52,9,2,38,0,2,1,12.52
Student_2075,21,Female,Civil,B.E,7.09,3,2,97,57,67,88,7,4,54,0,2,1,14.81
Student_2076,21,Male,Electronics,B.Tech,10.0,0,0,60,32,53,42,3,5,95,0,3,1,17.3
Student_2077,21,Female,Computer Science,MCA,5.86,2,0,63,71,51,94,1,5,67,0,0,0,0.0
Student_2078,21,Male,Computer Science,B.Tech,8.36,2,5,45,48,78,50,14,1,87,0,0,0,0.0
Student_2079,20,Male,Civil,MCA,6.54,2,3,84,52,30,74,1,2,48,0,2,1,14.29
Student_2080,23,Female,Electronics,BCA,7.53,2,4,95,99,40,63,14,2,83,1,4,1,14.26
Student_2081,20,Male,Electronics,BCA,9.97,3,4,76,66,75,73,2,3,98,0,1,1,18.72
Student_2082,21,Male,Civil,BCA,6.44,1,0,44,39,31,85,3,4,94,1,0,0,0.0
Student_2083,22,Male,Computer Science,B.Tech,6.68,2,3,66,33,50,40,0,1,60,0,2,0,0.0
Student_2084,20,Male,Civil,B.E,7.38,2,5,85,57,75,54,9,1,77,1,2,1,14.57
Student_2085,22,Male,Information Technology,BCA,6.55,2,2,32,34,47,69,7,1,92,0,3,0,0.0
Student_2086,22,Male,Electrical,M.Tech,8.28,3,5,71,60,95,48,7,4,86,0,0,1,12.99
Student_2087,22,Female,Electrical,B.Tech,6.87,0,5,76,59,98,56,7,5,98,1,3,1,12.96
Student_2088,21,Male,Mechanical,B.Tech,8.05,3,3,67,91,32,92,22,0,32,1,1,1,15.43
Student_2089,20,Male,Information Technology,B.Tech,6.07,2,0,74,53,42,46,10,5,67,0,0,0,0.0
Student_2090,23,Male,Information Technology,B.E,5.59,3,3,92,49,93,43,19,0,85,1,4,1,13.34
Student_2091,21,Female,Information Technology,B.E,7.17,1,5,38,73,32,70,5,3,81,1,2,1,12.45
Student_2092,23,Male,Electrical,BCA,5.83,1,3,69,74,64,36,11,0,40,0,1,0,0.0
Student_2093,20,Male,Information Technology,BCA,8.92,0,4,85,32,96,30,1,5,70,0,4,1,13.85
Student_2094,20,Male,Electronics,M.Tech,5.87,3,3,87,35,71,90,6,4,41,0,3,1,15.36
Student_2095,23,Female,Electronics,B.Tech,6.36,3,2,62,41,51,49,1,2,36,1,1,0,0.0
Student_2096,23,Female,Civil,B.E,7.81,1,5,99,84,30,38,0,4,37,1,4,1,15.79
Student_2097,23,Female,Electrical,B.Tech,6.81,0,0,52,44,57,75,4,5,96,1,2,0,0.0
Student_2098,23,Female,Mechanical,B.Tech,5.88,2,2,60,99,67,63,3,1,49,0,1,1,12.39
Student_2099,20,Male,Civil,B.Tech,9.44,2,0,87,60,35,61,7,3,61,1,2,1,15.16
Student_2100,23,Male,Mechanical,B.Tech,6.4,2,3,60,95,66,60,17,1,47,1,0,0,0.0
Student_2101,22,Male,Electronics,B.Tech,7.2,0,5,54,47,58,40,3,4,92,1,4,1,11.69
Student_2102,20,Male,Computer Science,B.E,7.19,3,5,68,59,52,90,14,3,92,0,1,1,15.07
Student_2103,20,Male,Information Technology,B.Tech,8.11,1,1,73,39,98,30,8,4,75,1,2,1,12.68
Student_2104,23,Male,Electronics,B.Tech,7.86,2,4,97,89,92,63,9,3,88,1,0,1,14.59
Student_2105,21,Male,Computer Science,B.Tech,6.57,3,5,73,71,78,48,22,3,37,0,4,1,13.04
Student_2106,23,Female,Information Technology,B.E,7.07,2,5,42,35,71,74,11,0,99,1,1,1,13.05
Student_2107,20,Male,Electronics,B.E,7.17,0,3,33,82,63,68,6,5,59,1,3,0,0.0
Student_2108,21,Female,Electronics,B.Tech,8.15,3,1,97,92,34,56,5,1,58,1,1,1,12.83
Student_2109,21,Female,Civil,B.Tech,6.23,2,2,59,77,51,67,4,2,43,0,2,0,0.0
Student_2110,21,Male,Electrical,MCA,9.42,3,4,44,86,30,45,19,3,91,1,2,1,12.28
Student_2111,22,Male,Civil,B.E,6.64,2,3,45,49,55,39,15,5,41,1,1,0,0.0
Student_2112,23,Female,Computer Science,M.Tech,7.39,3,2,37,60,63,93,6,3,90,1,2,1,13.47
Student_2113,23,Female,Electronics,B.E,6.24,3,1,43,89,72,72,11,1,80,1,2,0,0.0
Student_2114,22,Male,Civil,BCA,6.1,0,3,84,72,54,75,12,1,84,1,1,1,13.23
Student_2115,20,Male,Mechanical,MCA,6.53,0,2,75,72,47,99,1,1,32,0,0,1,14.35
Student_2116,23,Female,Electronics,B.Tech,6.43,0,2,71,83,79,93,21,3,81,1,0,1,13.54
Student_2117,22,Female,Electronics,M.Tech,6.99,3,5,30,73,40,70,18,4,97,1,2,1,13.2
Student_2118,22,Male,Electronics,B.Tech,6.42,0,0,77,38,38,85,12,4,57,1,1,0,0.0
Student_2119,22,Male,Mechanical,M.Tech,8.1,1,1,97,44,78,66,17,4,61,0,1,1,13.81
Student_2120,23,Female,Information Technology,B.Tech,6.62,3,5,94,84,71,46,2,4,37,0,3,1,15.03
Student_2121,23,Male,Mechanical,B.Tech,6.51,1,5,57,46,90,73,23,5,64,1,3,1,14.46
Student_2122,22,Female,Information Technology,MCA,7.01,0,1,72,76,81,93,15,5,77,1,4,1,15.31
Student_2123,22,Male,Civil,MCA,8.39,1,5,50,63,93,91,22,1,50,1,3,1,15.13
Student_2124,22,Male,Electrical,B.Tech,7.61,0,1,92,73,76,65,20,1,81,1,2,1,13.75
Student_2125,21,Male,Mechanical,MCA,7.3,1,0,94,46,88,96,14,0,35,1,4,1,16.6
Student_2126,21,Male,Electronics,B.Tech,5.97,2,1,45,51,41,43,6,1,77,0,4,0,0.0
Student_2127,22,Female,Electrical,B.E,6.26,2,3,64,78,67,32,16,3,71,1,1,0,0.0
Student_2128,20,Male,Mechanical,MCA,6.12,2,0,46,42,96,58,12,3,46,0,0,0,0.0
Student_2129,21,Female,Electronics,B.Tech,8.71,0,1,73,51,85,44,9,5,54,0,4,1,13.63
Student_2130,22,Male,Computer Science,B.E,7.93,3,4,50,99,58,97,17,3,46,1,4,1,14.01
Student_2131,23,Female,Computer Science,M.Tech,6.54,1,3,78,40,94,38,21,5,73,1,4,1,12.62
Student_2132,22,Female,Information Technology,B.Tech,6.84,1,3,98,70,51,67,4,3,74,1,2,1,13.17
Student_2133,21,Female,Information Technology,B.Tech,6.57,2,5,90,40,31,84,13,5,68,1,4,1,15.22
Student_2134,21,Male,Civil,B.Tech,6.51,0,1,42,79,85,37,18,4,43,0,3,0,0.0
Student_2135,22,Female,Mechanical,M.Tech,7.86,1,5,39,38,58,33,7,2,45,0,3,0,0.0
Student_2136,22,Male,Electrical,B.Tech,7.11,1,2,87,70,32,68,8,5,86,0,3,1,14.47
Student_2137,20,Female,Mechanical,B.Tech,9.48,0,5,35,60,44,93,0,5,62,0,1,1,13.97
Student_2138,22,Male,Electrical,M.Tech,8.65,3,4,58,78,35,31,7,1,60,0,3,1,12.22
Student_2139,21,Male,Mechanical,B.Tech,8.71,1,1,99,30,99,31,14,1,51,0,4,1,13.34
Student_2140,22,Male,Electronics,B.Tech,8.07,0,1,61,66,89,94,23,0,95,1,4,1,11.4
Student_2141,23,Female,Civil,M.Tech,6.98,1,3,30,67,95,72,12,5,46,1,2,0,0.0
Student_2142,23,Other,Electronics,BCA,8.0,3,3,98,46,42,79,6,2,83,0,0,1,13.53
Student_2143,22,Male,Information Technology,B.Tech,7.05,2,1,79,50,86,49,19,3,83,1,3,1,12.4
Student_2144,21,Female,Electronics,MCA,9.03,2,1,53,79,69,51,4,1,47,0,1,1,14.86
Student_2145,21,Female,Mechanical,M.Tech,7.8,3,5,72,68,50,62,4,2,30,0,1,1,14.33
Student_2146,20,Male,Electronics,B.Tech,7.66,0,4,72,70,76,44,12,2,47,1,0,0,0.0
Student_2147,23,Male,Civil,BCA,7.53,2,1,68,95,96,60,19,3,48,0,0,1,13.48
Student_2148,23,Female,Electrical,M.Tech,9.14,1,4,97,58,62,96,5,1,82,0,2,1,16.71
Student_2149,23,Female,Electronics,B.E,5.97,2,0,85,90,32,82,0,4,67,0,1,0,0.0
Student_2150,21,Male,Information Technology,B.E,9.24,3,2,48,98,88,90,17,2,60,1,1,1,13.27
Student_2151,21,Female,Electronics,M.Tech,7.21,0,0,99,70,43,64,14,1,63,0,2,0,0.0
Student_2152,23,Male,Electrical,MCA,5.99,0,3,97,44,42,85,16,0,96,1,2,0,0.0
Student_2153,22,Female,Information Technology,B.E,6.65,3,1,33,59,73,59,9,0,95,0,2,0,0.0
Student_2154,22,Female,Electrical,BCA,5.75,1,1,50,33,85,73,2,1,31,1,2,0,0.0
Student_2155,21,Female,Electronics,M.Tech,8.05,1,1,73,78,85,81,7,4,89,1,4,1,14.02
Student_2156,21,Male,Electrical,MCA,6.36,0,1,91,49,90,87,11,5,55,0,1,1,14.21
Student_2157,22,Male,Civil,MCA,7.57,1,0,80,94,91,94,10,5,82,0,0,1,13.25
Student_2158,23,Male,Civil,B.Tech,8.53,0,3,70,75,38,37,21,1,98,0,4,1,10.35
Student_2159,21,Male,Electrical,B.Tech,6.73,0,5,51,64,51,85,5,3,65,1,0,1,12.45
Student_2160,23,Female,Information Technology,B.E,7.13,0,1,36,43,80,79,7,1,73,1,3,0,0.0
Student_2161,20,Male,Mechanical,B.Tech,6.1,0,4,92,36,57,81,4,0,60,0,1,0,0.0
Student_2162,21,Male,Computer Science,B.E,7.01,3,3,67,77,80,31,13,3,35,1,4,1,14.27
Student_2163,23,Male,Information Technology,BCA,9.97,3,1,61,83,61,64,19,3,32,1,0,1,15.51
Student_2164,23,Male,Computer Science,MCA,8.18,3,0,98,48,61,97,21,4,55,1,0,1,16.25
Student_2165,23,Male,Civil,B.Tech,7.14,0,4,41,30,31,93,5,0,87,0,2,0,0.0
Student_2166,21,Female,Mechanical,M.Tech,6.79,1,0,47,52,72,46,10,4,53,0,2,0,0.0
Student_2167,23,Female,Civil,B.Tech,7.36,1,2,89,83,90,64,17,1,60,0,3,1,12.63
Student_2168,23,Male,Information Technology,B.E,7.53,2,0,49,70,87,90,1,1,67,1,3,1,14.81
Student_2169,23,Female,Information Technology,B.Tech,6.98,0,4,96,35,53,95,17,0,52,0,4,1,13.25
Student_2170,20,Female,Civil,B.E,7.93,0,5,90,38,77,53,3,1,64,0,3,1,12.54
Student_2171,22,Male,Civil,B.E,6.45,3,1,36,37,43,86,0,2,72,1,1,0,0.0
Student_2172,23,Female,Electrical,M.Tech,6.44,1,1,62,83,74,88,2,1,89,1,0,0,0.0
Student_2173,23,Male,Computer Science,B.E,7.77,3,3,82,84,58,40,21,1,82,1,1,1,13.59
Student_2174,20,Male,Electronics,B.Tech,6.23,0,3,64,58,94,32,16,3,87,0,4,0,0.0
Student_2175,23,Male,Computer Science,B.Tech,8.13,3,2,45,78,79,33,18,0,66,0,3,1,14.15
Student_2176,20,Male,Civil,B.Tech,7.39,2,2,33,31,35,40,16,5,78,0,3,0,0.0
Student_2177,21,Female,Computer Science,MCA,5.57,3,1,30,69,90,81,19,1,40,1,1,0,0.0
Student_2178,22,Female,Civil,MCA,7.51,2,1,42,49,80,57,11,4,40,1,2,0,0.0
Student_2179,21,Female,Computer Science,B.Tech,5.71,3,3,48,87,45,78,19,3,94,1,3,1,14.8
Student_2180,22,Female,Computer Science,B.Tech,8.09,1,4,51,64,49,36,1,4,72,1,4,1,12.25
Student_2181,20,Female,Electrical,B.Tech,7.15,1,4,89,89,42,72,13,1,37,0,2,1,12.56
Student_2182,22,Other,Electronics,M.Tech,9.25,0,3,65,69,51,82,18,1,58,1,0,1,14.45
Student_2183,22,Male,Electronics,B.Tech,8.47,0,4,39,62,96,98,23,0,97,1,4,1,11.65
Student_2184,22,Male,Mechanical,B.Tech,6.34,3,3,35,96,93,52,8,1,31,1,4,1,11.18
Student_2185,21,Female,Information Technology,B.Tech,5.38,1,2,39,99,68,68,4,3,60,0,0,0,0.0
Student_2186,21,Male,Civil,B.Tech,6.64,0,2,51,61,55,63,17,3,88,1,1,0,0.0
Student_2187,21,Male,Electronics,B.Tech,6.18,1,3,81,55,55,54,1,4,96,1,4,1,11.85
Student_2188,21,Male,Information Technology,B.Tech,9.23,1,1,33,75,96,74,18,5,55,0,4,1,14.86
Student_2189,22,Female,Electronics,M.Tech,7.39,2,4,58,42,43,69,16,4,94,1,4,1,14.66
Student_2190,21,Male,Computer Science,B.E,8.33,0,1,61,57,83,88,16,2,80,1,4,1,13.71
Student_2191,21,Male,Information Technology,B.Tech,7.11,0,0,40,89,99,31,7,2,58,0,0,0,0.0
Student_2192,21,Male,Mechanical,B.E,7.22,2,2,34,92,89,45,2,5,84,0,0,1,12.29
Student_2193,20,Male,Computer Science,B.E,7.37,0,0,46,59,80,70,14,4,86,1,2,0,0.0
Student_2194,22,Female,Computer Science,BCA,8.51,1,1,40,57,92,70,8,2,49,1,3,1,15.39
Student_2195,23,Male,Mechanical,MCA,7.71,2,2,85,91,45,93,9,4,36,0,2,1,14.59
Student_2196,21,Female,Electronics,B.Tech,6.34,2,0,94,44,98,77,4,0,84,1,1,1,13.75
Student_2197,23,Female,Computer Science,MCA,9.02,0,1,73,34,36,30,8,4,35,1,1,0,0.0
Student_2198,22,Male,Civil,M.Tech,7.11,2,3,83,35,30,64,19,5,84,1,3,1,15.01
Student_2199,20,Female,Civil,M.Tech,6.94,0,2,83,37,43,89,21,3,54,1,4,1,13.53
Student_2200,21,Female,Computer Science,B.Tech,5.0,0,5,91,91,72,91,8,3,79,0,4,1,13.27
Student_2201,20,Female,Information Technology,B.Tech,8.03,0,0,36,32,47,86,3,0,72,1,0,0,0.0
Student_2202,20,Male,Electronics,B.Tech,7.5,2,4,99,53,74,63,0,3,32,1,0,1,13.69
Student_2203,21,Male,Civil,MCA,7.5,2,3,62,72,37,37,4,1,30,0,1,0,0.0
Student_2204,21,Other,Computer Science,B.E,7.0,2,3,68,72,78,44,0,5,74,0,3,0,0.0
Student_2205,23,Female,Civil,B.Tech,6.82,0,4,85,88,46,89,16,1,66,0,0,0,0.0
Student_2206,20,Female,Information Technology,B.E,7.03,1,0,64,98,66,53,15,1,33,1,3,1,12.96
Student_2207,23,Female,Computer Science,B.Tech,7.86,0,4,48,58,38,83,18,2,98,1,2,1,13.13
Student_2208,20,Male,Electrical,B.Tech,8.04,1,1,31,46,97,32,7,4,46,1,3,1,13.19
Student_2209,20,Female,Computer Science,B.E,7.17,0,3,41,36,56,64,19,5,90,1,4,1,11.39
Student_2210,22,Male,Computer Science,B.E,8.35,2,1,35,92,72,96,4,2,38,1,2,1,14.79
Student_2211,23,Female,Electrical,BCA,7.32,3,2,56,56,64,47,5,1,46,1,3,1,11.74
Student_2212,22,Male,Mechanical,M.Tech,6.9,3,4,84,92,71,32,21,4,67,0,2,1,12.96
Student_2213,20,Male,Electronics,B.E,7.6,0,5,53,54,61,50,21,3,66,0,3,1,11.01
Student_2214,20,Female,Civil,BCA,6.04,0,5,71,82,35,34,14,2,72,0,1,0,0.0
Student_2215,21,Female,Mechanical,B.Tech,7.63,0,4,42,75,88,72,14,5,41,1,0,1,11.72
Student_2216,21,Female,Mechanical,M.Tech,5.86,3,3,71,79,74,43,16,2,48,1,0,0,0.0
Student_2217,23,Male,Computer Science,M.Tech,6.37,3,3,96,75,47,47,19,3,48,1,3,1,14.65
Student_2218,21,Male,Mechanical,B.Tech,5.38,0,5,52,51,35,71,5,5,60,0,3,0,0.0
Student_2219,20,Female,Information Technology,B.Tech,7.22,3,1,63,37,92,52,1,1,94,1,2,1,12.19
Student_2220,23,Male,Civil,B.Tech,9.01,2,5,97,30,53,75,4,5,62,0,3,1,16.88
Student_2221,20,Male,Mechanical,B.Tech,7.28,0,3,72,59,93,95,8,5,99,0,2,1,15.84
Student_2222,20,Female,Computer Science,B.E,8.04,1,3,57,92,83,95,5,2,47,0,1,1,15.04
Student_2223,21,Male,Electrical,B.Tech,9.75,1,3,38,74,97,81,12,2,46,0,2,1,12.56
Student_2224,21,Female,Information Technology,M.Tech,7.8,3,4,95,77,76,97,3,0,37,0,1,1,14.95
Student_2225,22,Male,Information Technology,B.Tech,6.63,0,4,72,48,42,81,13,0,44,0,4,1,13.4
Student_2226,23,Female,Electrical,B.Tech,6.77,0,0,33,64,32,34,17,5,51,0,3,0,0.0
Student_2227,23,Female,Civil,B.Tech,7.4,2,4,68,58,47,96,2,2,56,1,3,1,17.17
Student_2228,21,Female,Electrical,B.Tech,6.77,1,4,97,39,60,69,6,4,79,0,3,0,0.0
Student_2229,23,Female,Mechanical,MCA,6.84,1,5,95,72,73,30,12,1,61,1,3,1,12.76
Student_2230,22,Male,Electrical,B.Tech,8.39,3,5,43,55,92,73,1,1,78,0,3,1,13.29
Student_2231,20,Female,Computer Science,B.Tech,8.43,3,5,58,58,39,47,15,4,36,1,2,1,14.58
Student_2232,23,Female,Mechanical,B.Tech,5.75,2,0,99,71,74,67,18,3,96,1,4,1,15.63
Student_2233,20,Female,Information Technology,B.Tech,6.58,3,3,84,32,35,76,8,1,40,0,0,1,14.02
Student_2234,22,Female,Electronics,B.E,6.94,3,5,69,95,63,31,0,0,32,1,3,0,0.0
Student_2235,23,Female,Information Technology,BCA,8.0,2,5,51,45,35,60,12,4,59,1,2,0,0.0
Student_2236,20,Female,Information Technology,B.Tech,8.54,3,3,83,77,56,33,20,0,75,1,0,1,15.04
Student_2237,21,Female,Electronics,B.E,10.0,0,5,70,84,72,37,7,0,46,1,3,1,13.39
Student_2238,21,Male,Electrical,B.E,6.93,0,5,66,40,81,44,20,1,41,1,0,0,0.0
Student_2239,23,Male,Mechanical,BCA,6.98,3,0,94,47,86,84,20,5,89,0,3,1,12.94
Student_2240,20,Female,Electronics,B.E,7.99,0,5,56,58,66,58,6,3,87,0,2,1,12.66
Student_2241,22,Male,Electronics,B.Tech,6.72,2,3,73,87,48,33,14,0,82,0,3,0,0.0
Student_2242,21,Female,Mechanical,M.Tech,7.26,1,3,33,74,93,82,1,5,45,0,3,1,11.07
Student_2243,20,Female,Information Technology,BCA,6.98,3,1,79,62,95,68,13,5,67,0,1,1,15.65
Student_2244,22,Male,Mechanical,B.E,5.0,2,5,68,89,97,39,21,4,78,1,3,1,11.43
Student_2245,23,Female,Civil,MCA,7.52,0,1,91,63,85,69,22,0,60,1,1,1,15.15
Student_2246,22,Female,Information Technology,MCA,7.22,1,2,53,92,84,47,4,0,42,0,3,1,13.89
Student_2247,20,Female,Mechanical,B.Tech,8.67,2,1,94,83,35,74,15,5,88,0,0,1,14.45
Student_2248,20,Male,Civil,BCA,7.41,3,5,70,42,70,96,1,4,95,0,0,1,16.01
Student_2249,21,Female,Mechanical,B.E,6.15,3,2,44,56,58,52,6,4,41,0,3,0,0.0
Student_2250,22,Male,Information Technology,B.E,7.14,3,0,41,31,48,82,20,2,79,0,0,0,0.0
Student_2251,22,Female,Mechanical,B.E,5.31,3,0,43,46,34,31,15,3,92,1,4,0,0.0
Student_2252,20,Male,Civil,MCA,6.19,3,5,51,31,44,58,9,1,67,0,0,0,0.0
Student_2253,22,Female,Information Technology,B.E,8.04,2,1,68,37,94,92,23,0,33,1,2,1,14.93
Student_2254,21,Female,Mechanical,B.E,7.15,1,4,90,30,93,35,18,1,78,1,4,1,12.09
Student_2255,22,Female,Civil,B.Tech,8.32,2,0,99,77,81,95,0,3,94,1,3,1,16.4
Student_2256,23,Male,Information Technology,B.Tech,5.43,3,5,77,58,37,36,1,2,48,1,3,0,0.0
Student_2257,22,Female,Electronics,MCA,7.16,1,3,64,62,78,63,15,3,39,1,3,1,12.4
Student_2258,20,Female,Electrical,M.Tech,6.92,3,1,72,83,38,42,21,2,47,1,3,1,12.77
Student_2259,23,Male,Electronics,B.Tech,8.36,2,5,53,86,77,31,3,3,86,1,0,1,11.11
Student_2260,20,Female,Mechanical,MCA,8.07,0,1,47,67,32,54,12,5,69,0,1,1,11.88
Student_2261,23,Female,Computer Science,BCA,8.04,3,5,67,62,49,70,19,3,31,1,0,1,13.6
Student_2262,20,Other,Electrical,B.E,8.94,3,3,87,75,38,80,20,5,71,0,1,1,15.94
Student_2263,22,Other,Mechanical,B.Tech,7.03,2,2,34,59,95,52,15,5,87,1,1,1,12.3
Student_2264,20,Female,Civil,B.E,8.74,0,0,37,60,69,64,23,3,42,0,3,0,0.0
Student_2265,20,Female,Mechanical,B.Tech,6.36,0,1,42,50,94,42,22,5,70,0,4,0,0.0
Student_2266,22,Female,Electronics,B.Tech,6.32,3,0,44,43,31,81,20,1,46,0,2,1,12.67
Student_2267,22,Male,Electronics,B.E,8.15,0,5,40,43,81,41,16,3,31,1,0,0,0.0
Student_2268,20,Male,Civil,MCA,5.9,1,0,39,75,63,90,23,0,58,0,3,0,0.0
Student_2269,23,Female,Electrical,B.Tech,7.97,2,0,31,88,62,42,0,0,84,1,2,0,0.0
Student_2270,21,Male,Computer Science,MCA,7.5,0,0,54,59,91,76,2,0,76,0,3,0,0.0
Student_2271,21,Female,Electrical,MCA,8.47,3,5,80,36,33,53,12,0,37,1,1,1,14.73
Student_2272,21,Male,Civil,B.Tech,7.34,2,5,40,72,96,99,16,2,43,1,2,1,13.42
Student_2273,21,Male,Computer Science,B.Tech,7.46,0,4,52,93,31,49,21,4,67,0,3,1,13.76
Student_2274,20,Male,Computer Science,M.Tech,7.91,1,0,98,66,55,96,16,5,52,0,3,1,17.88
Student_2275,21,Male,Civil,BCA,6.74,1,3,41,31,39,88,5,5,53,0,1,0,0.0
Student_2276,20,Male,Electrical,B.Tech,6.69,0,5,99,35,66,62,21,1,60,1,2,1,13.85
Student_2277,20,Male,Electronics,M.Tech,7.87,3,0,65,66,71,64,1,2,83,0,4,1,15.1
Student_2278,21,Female,Mechanical,B.E,7.37,1,4,80,90,74,54,2,2,70,1,0,1,13.31
Student_2279,22,Male,Electrical,M.Tech,6.99,2,0,52,34,85,59,17,0,89,0,1,0,0.0
Student_2280,23,Male,Information Technology,M.Tech,7.32,2,4,52,82,82,62,23,0,37,0,2,1,12.43
Student_2281,21,Male,Information Technology,B.Tech,8.99,0,3,57,84,96,40,12,2,62,0,4,1,12.76
Student_2282,21,Male,Electrical,B.Tech,6.96,2,5,38,33,61,52,3,5,68,1,4,1,12.28
Student_2283,23,Male,Information Technology,B.Tech,6.93,1,2,52,44,42,91,1,2,83,0,2,1,12.42
Student_2284,22,Female,Electronics,MCA,5.69,0,4,92,30,40,98,23,2,66,0,2,1,13.35
Student_2285,23,Female,Electronics,MCA,7.36,1,5,30,69,49,33,6,5,94,0,2,0,0.0
Student_2286,23,Male,Mechanical,BCA,8.06,2,1,70,42,72,81,15,2,88,1,2,1,14.79
Student_2287,23,Female,Information Technology,B.Tech,8.24,0,3,78,94,33,46,7,4,78,1,3,1,13.93
Student_2288,23,Male,Civil,B.E,7.51,3,2,39,36,96,75,5,5,57,0,2,1,13.84
Student_2289,21,Male,Civil,B.Tech,8.36,2,2,37,75,99,73,16,0,52,1,2,0,0.0
Student_2290,21,Female,Information Technology,B.Tech,8.13,1,4,68,85,41,91,17,3,67,0,4,1,15.11
Student_2291,21,Male,Electronics,B.Tech,8.51,2,1,45,42,84,79,11,2,62,1,0,1,13.16
Student_2292,20,Female,Computer Science,BCA,8.38,1,0,98,47,71,87,12,0,32,1,4,1,16.46
Student_2293,22,Male,Information Technology,B.Tech,8.97,2,2,43,85,63,86,11,0,46,0,3,1,13.84
Student_2294,22,Male,Electrical,B.E,7.23,0,4,39,36,81,75,14,3,88,1,2,1,12.71
Student_2295,23,Male,Mechanical,MCA,6.07,2,0,53,60,70,58,19,3,62,0,2,0,0.0
Student_2296,20,Male,Mechanical,M.Tech,8.06,0,2,53,47,52,53,17,3,96,1,2,0,0.0
Student_2297,21,Other,Electrical,B.Tech,8.18,0,4,41,30,69,54,6,4,47,0,2,0,0.0
Student_2298,20,Male,Civil,MCA,8.97,1,2,76,61,39,55,5,4,97,1,1,1,13.01
Student_2299,23,Female,Civil,B.E,8.68,0,3,54,64,47,50,16,0,86,1,3,1,11.27
Student_2300,21,Female,Civil,B.E,9.35,1,3,66,54,98,51,15,0,55,1,1,1,11.88
Student_2301,20,Female,Electronics,M.Tech,8.02,0,4,47,86,42,69,8,2,72,0,3,1,12.34
Student_2302,22,Male,Mechanical,MCA,7.63,0,5,36,36,71,48,20,3,99,1,2,1,13.32
Student_2303,23,Male,Information Technology,B.E,6.02,0,2,34,60,50,54,10,5,74,1,1,0,0.0
Student_2304,23,Male,Electrical,B.E,7.71,3,2,33,42,62,79,8,5,95,1,4,1,11.8
Student_2305,20,Female,Information Technology,B.E,6.85,2,1,90,83,47,52,13,4,37,0,1,1,14.32
Student_2306,21,Male,Electrical,B.Tech,7.61,0,2,48,68,69,37,4,1,41,0,3,0,0.0
Student_2307,20,Female,Electrical,BCA,7.45,0,5,51,79,69,31,16,3,30,0,1,0,0.0
Student_2308,21,Female,Computer Science,B.Tech,7.87,3,3,70,37,73,83,21,0,52,0,1,1,14.02
Student_2309,22,Male,Civil,B.Tech,7.3,2,4,36,61,51,96,22,2,85,0,2,0,0.0
Student_2310,21,Female,Electrical,B.Tech,8.34,3,2,72,33,70,77,10,0,97,0,4,1,16.26
Student_2311,20,Male,Mechanical,B.Tech,5.0,0,4,66,52,81,34,6,5,67,0,1,0,0.0
Student_2312,22,Female,Electronics,B.Tech,7.59,1,4,85,96,80,69,11,2,59,1,0,1,12.15
Student_2313,20,Male,Electrical,B.E,8.6,0,3,38,80,69,48,2,4,95,0,0,1,10.89
Student_2314,20,Other,Mechanical,B.Tech,9.27,1,5,31,35,50,52,16,0,71,0,2,0,0.0
Student_2315,20,Female,Computer Science,B.Tech,8.13,0,5,84,55,67,94,10,5,67,1,3,1,18.28
Student_2316,20,Female,Information Technology,MCA,9.08,0,0,55,90,67,87,2,3,35,0,3,1,13.57
Student_2317,21,Male,Civil,MCA,7.57,2,1,34,41,96,81,13,0,45,0,1,0,0.0
Student_2318,23,Female,Electronics,B.E,7.4,3,5,68,82,56,65,17,2,78,1,4,1,13.72
Student_2319,23,Male,Information Technology,B.Tech,7.93,2,2,62,52,52,70,5,1,78,0,0,0,0.0
Student_2320,20,Female,Civil,B.Tech,7.4,3,1,96,63,82,94,9,0,64,0,2,1,15.05
Student_2321,20,Male,Computer Science,B.Tech,6.62,3,4,96,91,74,76,21,0,79,0,4,1,14.64
Student_2322,21,Male,Information Technology,B.Tech,6.88,3,3,67,77,59,70,17,4,78,0,4,1,15.53
Student_2323,22,Male,Electronics,MCA,6.29,0,0,41,49,30,36,19,5,34,1,3,0,0.0
Student_2324,22,Male,Computer Science,M.Tech,7.93,1,0,82,30,79,99,10,3,88,1,1,1,14.37
Student_2325,23,Male,Electronics,B.Tech,7.41,2,4,44,46,81,86,11,4,78,1,3,1,12.29
Student_2326,21,Female,Electrical,MCA,7.04,3,4,88,59,95,55,11,0,45,1,1,1,12.25
Student_2327,20,Male,Electrical,B.Tech,6.83,3,2,72,39,65,47,10,1,44,1,1,0,0.0
Student_2328,20,Female,Electrical,B.Tech,7.91,2,5,54,91,66,97,3,0,97,1,2,1,13.62
Student_2329,20,Male,Information Technology,B.Tech,8.18,1,0,98,33,44,96,0,5,47,1,3,1,16.18
Student_2330,20,Female,Computer Science,B.Tech,6.27,1,5,66,67,62,59,19,4,32,0,1,1,11.52
Student_2331,23,Female,Civil,MCA,6.11,0,0,57,98,30,46,12,5,32,1,4,0,0.0
Student_2332,21,Male,Electronics,B.Tech,8.35,1,3,43,53,65,85,12,5,45,1,4,1,14.31
Student_2333,23,Female,Civil,M.Tech,6.02,0,5,75,67,79,73,14,1,73,0,1,0,0.0
Student_2334,22,Female,Computer Science,B.Tech,7.95,3,3,48,35,85,93,9,3,61,0,1,1,14.33
Student_2335,22,Female,Civil,MCA,9.02,0,4,40,81,76,68,21,3,81,1,0,0,0.0
Student_2336,21,Male,Mechanical,B.E,9.02,1,2,38,98,86,68,11,4,46,0,2,1,13.77
Student_2337,23,Male,Electrical,B.E,8.14,3,1,74,84,76,40,12,4,46,1,0,1,13.15
Student_2338,20,Female,Computer Science,B.Tech,8.11,3,1,94,40,84,72,12,2,58,1,4,1,15.42
Student_2339,20,Male,Electronics,MCA,9.65,1,0,47,54,60,55,3,0,85,0,4,0,0.0
Student_2340,21,Female,Electrical,B.E,5.07,1,1,45,80,72,44,4,5,65,1,4,0,0.0
Student_2341,21,Male,Electronics,B.Tech,6.94,2,1,72,85,74,84,4,4,83,0,1,1,14.1
Student_2342,22,Female,Mechanical,MCA,8.25,3,4,40,58,70,54,6,5,36,0,3,1,13.64
Student_2343,22,Male,Computer Science,B.Tech,7.06,3,1,36,97,69,44,3,1,58,1,2,1,14.49
Student_2344,22,Male,Civil,B.Tech,8.64,2,0,74,44,84,97,5,0,60,1,1,0,0.0
Student_2345,21,Other,Information Technology,B.E,7.36,1,4,66,81,46,97,22,5,34,0,2,1,14.43
Student_2346,21,Female,Mechanical,B.Tech,7.53,1,3,32,64,52,64,8,4,51,0,0,0,0.0
Student_2347,23,Female,Electrical,B.E,7.13,2,1,46,79,66,50,19,5,49,0,4,1,15.55
Student_2348,20,Female,Mechanical,B.Tech,6.88,3,4,43,71,75,41,9,2,61,1,0,1,12.08
Student_2349,22,Male,Electronics,B.Tech,6.85,0,1,77,60,66,73,19,5,41,0,1,1,10.83
Student_2350,22,Male,Information Technology,B.Tech,7.67,3,4,76,87,43,72,18,1,48,0,1,1,14.82
Student_2351,23,Male,Electronics,B.Tech,6.63,1,0,82,88,87,73,20,4,97,0,2,1,12.74
Student_2352,22,Male,Electrical,MCA,8.35,0,3,36,87,68,83,6,2,40,1,3,1,10.96
Student_2353,21,Male,Information Technology,B.E,8.05,0,3,89,36,60,62,2,0,87,1,4,0,0.0
Student_2354,21,Female,Mechanical,B.E,8.5,1,2,44,59,91,77,7,4,68,1,1,1,15.05
Student_2355,21,Male,Electronics,B.Tech,6.27,0,4,99,82,60,75,16,2,35,0,1,0,0.0
Student_2356,21,Male,Information Technology,M.Tech,5.7,0,2,91,90,41,85,15,0,58,1,0,0,0.0
Student_2357,20,Male,Civil,B.Tech,7.4,1,3,62,55,98,82,16,4,65,1,2,1,13.78
Student_2358,22,Male,Electronics,B.Tech,10.0,3,1,84,81,56,32,23,4,49,1,4,1,14.72
Student_2359,20,Male,Information Technology,M.Tech,8.67,2,3,76,69,92,73,5,1,48,0,0,1,14.22
Student_2360,22,Female,Mechanical,B.E,6.85,0,4,84,45,66,98,10,5,79,1,4,1,13.85
Student_2361,23,Male,Civil,BCA,7.82,2,5,31,92,46,69,11,4,32,0,1,1,12.29
Student_2362,23,Female,Electrical,MCA,8.13,1,2,35,61,56,67,3,0,94,1,4,0,0.0
Student_2363,20,Female,Mechanical,BCA,6.03,2,2,93,72,93,72,15,2,52,0,0,1,14.17
Student_2364,23,Female,Mechanical,B.Tech,8.77,0,2,84,50,96,69,1,5,56,1,4,1,16.29
Student_2365,20,Female,Civil,B.Tech,7.23,0,5,73,31,39,58,21,1,38,1,1,0,0.0
Student_2366,21,Male,Information Technology,B.Tech,7.31,1,5,51,61,99,99,2,5,91,0,1,1,13.94
Student_2367,20,Male,Information Technology,BCA,7.42,3,3,59,80,89,34,2,3,45,0,1,1,13.74
Student_2368,20,Male,Electronics,MCA,8.54,2,4,57,52,75,86,4,4,86,1,0,1,14.28
Student_2369,20,Female,Mechanical,MCA,6.64,0,0,60,95,42,41,21,4,52,1,3,0,0.0
Student_2370,20,Female,Mechanical,B.Tech,5.69,3,4,73,82,71,44,20,3,32,0,0,0,0.0
Student_2371,23,Male,Computer Science,BCA,7.72,3,4,83,74,59,72,22,3,58,1,2,1,16.11
Student_2372,20,Male,Civil,B.E,5.36,2,4,56,86,38,74,19,3,66,1,4,1,12.58
Student_2373,21,Female,Electronics,BCA,7.1,2,3,88,90,98,94,22,3,62,1,2,1,13.64
Student_2374,22,Female,Electrical,B.E,8.59,0,5,36,80,72,50,11,4,99,1,4,1,15.35
Student_2375,23,Female,Civil,B.Tech,7.98,2,3,86,87,36,31,0,2,66,0,3,0,0.0
Student_2376,23,Female,Electrical,B.Tech,8.44,3,5,77,79,53,47,10,2,84,1,3,1,14.27
Student_2377,20,Female,Mechanical,MCA,8.02,1,1,65,90,88,68,5,4,55,0,4,1,14.65
Student_2378,23,Female,Mechanical,B.Tech,9.81,0,3,56,37,60,55,5,4,40,1,0,1,12.88
Student_2379,22,Male,Information Technology,B.Tech,6.81,3,2,55,54,64,47,16,3,64,1,1,0,0.0
Student_2380,20,Male,Electronics,B.Tech,7.8,2,5,55,92,39,93,4,2,69,1,1,1,12.64
Student_2381,21,Female,Electrical,B.Tech,6.96,2,5,96,63,37,69,7,3,59,1,0,1,12.6
Student_2382,23,Female,Electronics,MCA,8.36,2,5,31,31,98,77,9,3,83,0,0,1,15.06
Student_2383,21,Male,Computer Science,B.Tech,7.34,0,1,74,89,96,82,1,2,97,1,0,1,13.29
Student_2384,20,Female,Information Technology,B.Tech,9.12,0,2,99,75,36,58,16,1,35,0,4,1,15.09
Student_2385,23,Male,Mechanical,BCA,6.87,3,0,68,93,68,81,18,3,34,1,4,1,13.6
Student_2386,23,Female,Mechanical,B.E,8.81,3,5,74,31,77,97,13,2,49,1,2,1,15.8
Student_2387,23,Male,Electrical,B.Tech,7.99,0,1,71,40,91,80,0,0,71,0,4,1,12.1
Student_2388,23,Female,Electrical,B.Tech,7.37,2,3,65,65,69,50,18,5,32,1,1,1,12.48
Student_2389,23,Male,Mechanical,B.Tech,7.94,2,2,74,42,90,84,10,4,43,1,2,1,13.42
Student_2390,21,Male,Mechanical,B.Tech,7.66,1,5,93,66,38,46,6,0,58,1,4,1,15.08
Student_2391,20,Male,Civil,B.Tech,7.76,2,4,79,54,31,35,22,1,56,1,0,1,10.82
Student_2392,22,Female,Computer Science,B.Tech,7.19,3,4,89,44,62,61,20,3,89,0,0,1,13.08
Student_2393,20,Male,Mechanical,M.Tech,6.7,3,3,68,83,48,65,10,5,68,1,2,1,11.65
Student_2394,21,Male,Electronics,MCA,7.06,0,0,84,32,82,62,10,2,91,1,1,0,0.0
Student_2395,22,Female,Civil,MCA,5.72,1,5,91,91,53,48,21,4,83,1,3,1,12.4
Student_2396,23,Male,Civil,B.Tech,8.24,3,0,44,40,58,49,4,0,58,0,3,0,0.0
Student_2397,21,Male,Mechanical,B.Tech,6.16,0,2,90,70,67,94,9,3,98,0,1,0,0.0
Student_2398,21,Male,Mechanical,MCA,7.18,3,2,78,99,97,50,13,4,89,1,0,1,13.09
Student_2399,22,Female,Civil,BCA,8.05,1,2,60,37,35,84,8,5,64,1,0,1,14.03
Student_2400,20,Male,Mechanical,B.E,8.24,2,5,84,94,68,48,7,1,89,1,2,1,13.36
Student_2401,22,Male,Information Technology,B.Tech,5.63,1,1,41,51,57,37,2,4,47,1,1,0,0.0
Student_2402,22,Male,Information Technology,B.Tech,7.31,3,3,78,81,32,34,6,0,44,1,0,0,0.0
Student_2403,22,Male,Civil,B.E,7.86,2,1,70,89,87,47,8,0,85,0,3,0,0.0
Student_2404,21,Male,Mechanical,B.E,7.45,2,5,92,46,93,88,20,5,85,1,4,1,16.57
Student_2405,23,Male,Information Technology,B.Tech,8.74,1,4,73,54,42,61,8,4,45,1,4,1,14.24
Student_2406,21,Male,Electrical,MCA,6.58,0,2,66,90,83,78,3,1,82,1,0,0,0.0
Student_2407,22,Male,Electrical,B.E,5.35,3,0,66,37,79,97,20,5,65,0,0,1,13.02
Student_2408,21,Female,Mechanical,B.E,8.21,1,0,68,37,79,33,8,5,69,0,2,0,0.0
Student_2409,20,Male,Information Technology,B.Tech,6.86,0,1,92,51,62,37,22,0,89,0,4,0,0.0
Student_2410,22,Male,Electrical,BCA,5.64,3,2,84,72,52,94,2,0,41,1,2,1,13.69
Student_2411,20,Female,Information Technology,M.Tech,7.24,0,5,36,86,34,69,0,1,58,1,2,0,0.0
Student_2412,23,Female,Electronics,B.Tech,8.63,2,0,67,69,32,73,22,4,50,0,4,1,17.16
Student_2413,22,Female,Electrical,B.E,6.14,1,3,50,64,42,53,2,3,68,0,3,0,0.0
Student_2414,21,Male,Mechanical,M.Tech,9.74,3,2,41,90,66,87,0,3,41,1,4,1,13.66
Student_2415,21,Male,Information Technology,BCA,6.56,0,0,90,42,39,75,15,2,38,1,4,0,0.0
Student_2416,22,Male,Computer Science,B.Tech,7.49,3,3,90,93,78,48,7,2,78,0,4,1,13.17
Student_2417,21,Male,Electronics,MCA,6.18,0,4,95,51,73,75,11,3,33,0,2,0,0.0
Student_2418,21,Male,Civil,B.E,7.44,3,5,57,49,54,30,9,0,59,0,1,0,0.0
Student_2419,21,Female,Civil,B.Tech,7.27,1,3,59,96,36,46,7,3,99,1,0,0,0.0
Student_2420,21,Male,Information Technology,B.Tech,5.91,0,1,84,75,66,44,11,1,99,1,3,0,0.0
Student_2421,23,Female,Computer Science,B.Tech,10.0,1,5,43,60,87,85,6,4,42,1,1,1,14.44
Student_2422,20,Male,Civil,B.Tech,6.9,0,1,33,53,57,81,5,1,94,1,0,0,0.0
Student_2423,23,Male,Computer Science,B.E,6.91,1,4,59,60,86,36,5,0,53,1,4,0,0.0
Student_2424,21,Female,Computer Science,M.Tech,8.37,2,5,74,85,50,93,2,2,43,1,2,1,16.2
Student_2425,22,Female,Electronics,B.Tech,9.21,2,0,61,40,35,87,12,2,65,0,2,1,13.19
Student_2426,20,Male,Mechanical,MCA,8.53,2,5,44,42,75,60,13,3,64,0,3,1,13.41
Student_2427,21,Female,Information Technology,B.Tech,6.2,3,1,66,51,92,44,0,5,56,1,1,0,0.0
Student_2428,23,Male,Information Technology,B.E,7.61,1,2,95,63,91,59,11,4,59,0,4,1,14.1
Student_2429,21,Male,Information Technology,MCA,5.52,2,1,49,87,97,71,17,2,36,0,2,0,0.0
Student_2430,20,Female,Electronics,BCA,8.3,0,0,58,44,37,74,0,4,48,1,2,0,0.0
Student_2431,22,Male,Computer Science,B.E,5.76,1,4,51,85,33,54,7,3,43,1,1,0,0.0
Student_2432,20,Male,Computer Science,M.Tech,6.6,2,2,50,93,69,37,23,1,95,1,3,0,0.0
Student_2433,21,Male,Electronics,B.Tech,7.4,0,3,75,60,96,72,10,0,64,0,1,0,0.0
Student_2434,21,Male,Computer Science,B.Tech,7.85,1,2,56,97,99,79,0,0,68,1,3,1,13.48
Student_2435,22,Male,Information Technology,B.Tech,7.14,0,4,73,92,49,48,12,1,60,0,4,1,12.75
Student_2436,22,Male,Mechanical,B.Tech,8.92,3,5,31,85,56,74,9,4,91,0,0,1,13.33
Student_2437,22,Female,Computer Science,B.Tech,8.12,2,3,76,56,76,69,5,2,85,1,2,1,15.46
Student_2438,23,Female,Mechanical,B.Tech,8.04,2,0,37,51,93,65,1,2,78,0,3,1,13.15
Student_2439,20,Male,Mechanical,MCA,6.17,2,1,56,90,42,30,21,2,51,0,1,0,0.0
Student_2440,21,Male,Mechanical,MCA,9.1,0,2,91,60,98,51,19,1,51,0,0,1,13.57
Student_2441,20,Female,Mechanical,BCA,6.6,0,0,53,32,87,56,16,4,95,0,2,0,0.0
Student_2442,20,Male,Civil,M.Tech,9.14,1,1,78,80,34,88,0,0,95,1,2,1,15.12
Student_2443,20,Male,Computer Science,B.Tech,9.42,0,1,54,54,88,87,20,3,49,0,4,1,14.2
Student_2444,22,Female,Information Technology,B.Tech,7.91,1,5,93,95,74,91,11,5,53,1,4,1,15.28
Student_2445,23,Male,Information Technology,M.Tech,8.43,1,2,96,89,98,62,11,5,53,0,0,1,15.38
Student_2446,23,Male,Civil,B.E,5.0,3,5,93,37,44,52,21,2,84,1,1,1,12.22
Student_2447,22,Male,Electrical,B.Tech,7.2,1,3,57,93,99,64,10,5,96,1,0,1,12.41
Student_2448,23,Male,Electrical,B.E,8.5,0,3,52,96,33,85,5,1,92,0,4,0,0.0
Student_2449,20,Male,Mechanical,B.E,8.32,3,5,72,82,35,73,5,1,88,1,1,1,13.24
Student_2450,23,Female,Electronics,B.Tech,6.18,0,4,87,49,61,72,22,2,54,1,4,1,13.88
Student_2451,23,Male,Electronics,B.Tech,7.11,0,1,66,76,76,60,13,0,52,0,0,0,0.0
Student_2452,20,Female,Computer Science,B.Tech,5.0,1,1,81,90,41,78,13,1,92,1,2,0,0.0
Student_2453,21,Female,Electronics,B.E,7.81,0,3,91,87,49,90,14,5,57,1,0,1,16.84
Student_2454,23,Male,Mechanical,MCA,5.52,3,0,82,60,57,76,5,4,45,1,2,0,0.0
Student_2455,21,Male,Information Technology,B.E,8.53,1,0,55,79,38,58,10,1,88,1,0,0,0.0
Student_2456,23,Male,Civil,M.Tech,8.58,3,0,47,57,42,88,22,1,63,1,0,0,0.0
Student_2457,23,Female,Civil,BCA,6.93,0,4,60,47,40,95,3,2,36,1,0,0,0.0
Student_2458,21,Male,Information Technology,B.Tech,7.92,2,2,70,77,96,85,22,0,92,1,3,1,13.66
Student_2459,20,Female,Electrical,M.Tech,7.18,0,0,88,62,95,91,6,0,50,1,3,0,0.0
Student_2460,21,Female,Computer Science,B.E,7.64,0,4,51,45,73,48,7,5,51,1,2,1,15.8
Student_2461,20,Female,Electrical,B.E,6.25,1,3,41,76,77,59,0,4,67,0,0,0,0.0
Student_2462,21,Other,Civil,B.Tech,8.02,3,4,52,52,39,47,15,4,48,1,1,1,14.29
Student_2463,22,Female,Information Technology,MCA,5.76,1,0,71,71,33,55,7,1,88,0,1,0,0.0
Student_2464,21,Female,Mechanical,MCA,5.57,3,5,46,55,56,81,11,5,78,0,4,1,16.17
Student_2465,20,Female,Information Technology,B.Tech,7.28,0,1,57,91,98,77,13,1,69,1,3,1,13.31
Student_2466,21,Female,Civil,B.Tech,7.19,1,3,47,89,63,30,15,5,44,0,0,0,0.0
Student_2467,22,Female,Computer Science,B.Tech,7.67,2,3,99,63,86,82,22,3,64,1,0,1,14.25
Student_2468,20,Female,Information Technology,BCA,6.75,1,1,65,79,55,43,13,1,49,0,1,0,0.0
Student_2469,20,Male,Information Technology,B.E,9.29,2,2,80,42,51,43,4,4,97,1,1,1,14.24
Student_2470,23,Female,Information Technology,B.Tech,7.56,2,0,66,99,86,68,16,2,85,1,2,1,11.81
Student_2471,20,Male,Information Technology,BCA,7.63,0,2,30,45,62,46,1,1,38,0,4,0,0.0
Student_2472,21,Female,Mechanical,B.Tech,7.6,2,4,48,90,81,97,20,4,66,0,0,1,14.17
Student_2473,20,Male,Mechanical,B.E,8.4,3,1,88,89,80,40,7,4,84,1,2,1,15.15
Student_2474,20,Female,Mechanical,B.Tech,7.98,3,3,65,42,80,40,17,3,66,0,2,0,0.0
Student_2475,21,Female,Information Technology,B.E,7.84,1,5,79,30,77,83,3,2,38,0,3,1,16.37
Student_2476,22,Female,Information Technology,B.E,8.14,1,1,83,81,86,50,9,1,39,0,2,1,12.55
Student_2477,20,Male,Electrical,B.Tech,5.58,3,1,69,90,62,80,16,2,81,1,2,1,13.6
Student_2478,20,Female,Information Technology,B.Tech,5.61,3,0,70,80,51,77,14,5,66,0,1,0,0.0
Student_2479,20,Female,Computer Science,MCA,7.32,3,3,46,33,65,43,0,2,68,0,4,1,13.47
Student_2480,22,Female,Electronics,B.E,7.2,3,1,47,75,52,70,0,5,48,0,1,0,0.0
Student_2481,23,Female,Computer Science,MCA,7.98,1,5,40,57,33,67,23,0,48,1,0,1,13.17
Student_2482,20,Female,Electronics,B.E,7.42,0,1,50,94,55,36,12,0,58,0,0,0,0.0
Student_2483,21,Female,Electrical,BCA,7.98,0,3,73,86,65,83,20,1,68,1,0,1,13.87
Student_2484,21,Male,Information Technology,B.Tech,6.15,1,1,94,85,66,90,1,0,62,1,1,1,12.25
Student_2485,21,Other,Civil,BCA,7.39,3,1,60,58,53,96,11,5,91,0,4,1,16.39
Student_2486,20,Male,Electronics,B.Tech,6.06,1,1,72,52,80,36,13,2,43,0,0,0,0.0
Student_2487,20,Female,Electronics,B.Tech,7.79,1,3,90,87,49,42,22,0,63,1,0,1,12.69
Student_2488,22,Female,Mechanical,B.Tech,5.52,3,0,77,38,75,87,17,3,46,0,2,1,13.38
Student_2489,21,Male,Mechanical,B.Tech,7.75,0,0,48,37,48,51,15,5,30,1,2,1,12.86
Student_2490,21,Male,Information Technology,MCA,5.93,2,3,49,34,99,73,7,5,59,0,2,1,12.52
Student_2491,21,Male,Information Technology,MCA,7.02,2,3,74,65,75,54,23,0,33,0,0,0,0.0
Student_2492,23,Female,Electrical,BCA,8.29,3,1,50,35,68,45,7,4,56,1,1,1,15.24
Student_2493,22,Male,Information Technology,B.Tech,7.63,1,2,47,70,60,73,6,2,74,0,1,0,0.0
Student_2494,21,Male,Electrical,MCA,5.75,2,2,71,41,82,44,17,5,56,1,3,1,12.86
Student_2495,20,Female,Electronics,M.Tech,6.73,3,4,74,92,59,39,23,3,77,1,3,1,12.2
Student_2496,23,Male,Electrical,B.Tech,5.9,3,2,47,60,86,67,20,4,50,1,4,1,13.95
Student_2497,23,Female,Electronics,B.E,5.71,2,5,33,36,41,43,4,5,58,0,2,0,0.0
Student_2498,20,Male,Mechanical,M.Tech,7.52,2,1,83,78,87,43,19,5,91,0,2,1,13.94
Student_2499,23,Male,Mechanical,B.Tech,7.96,3,1,57,53,97,84,8,0,46,0,2,1,12.53
